Book Id,Title,Author,Author l-f,Additional Authors,ISBN,ISBN13,My Rating,Average Rating,Publisher,Binding,Number of Pages,Year Published,Original Publication Year,Date Read,Date Added,Bookshelves,Bookshelves with positions,Exclusive Shelf,My Review,Spoiler,Private Notes,Read Count,Owned Copies
59140405,Explosive Conflict: Time-Dynamics of Violence,Randall Collins,"Collins, Randall",,"=""1000506584""","=""9781000506587""",0,4.00,Routledge,ebook,306,2022,,,2026/01/03,to-read,to-read (#59),to-read,,,,0,0
269724,The Sociology of Philosophies: A Global Theory of Intellectual Change,Randall Collins,"Collins, Randall",,"=""0674001877""","=""9780674001879""",0,4.13,Belknap,Paperback,1098,2000,1998,,2026/01/03,to-read,to-read (#58),to-read,,,,0,0
879074,Interaction Ritual Chains (Princeton Studies in Cultural Sociology),Randall Collins,"Collins, Randall",,"=""0691123896""","=""9780691123899""",0,4.26,Princeton University Press,Paperback,464,2005,2004,,2026/01/03,to-read,to-read (#57),to-read,,,,0,0
2139233,Violence: A Micro-sociological Theory,Randall Collins,"Collins, Randall",,"=""0691133131""","=""9780691133133""",0,4.09,Princeton University Press,Hardcover,584,2008,2008,,2026/01/02,"currently-reading, non-fiction, sociology","currently-reading (#9), non-fiction (#20), sociology (#1)",currently-reading,,,,1,0
1472906,Placeways: A Theory of the Human Environment,Eugene Victor Walter,"Walter, Eugene Victor",,"=""0807842001""","=""9780807842003""",0,3.78,The University of North Carolina Press,Paperback,272,1988,1988,,2025/12/27,"currently-reading, anthropology, non-fiction","currently-reading (#8), anthropology (#2), non-fiction (#19)",currently-reading,,,,1,0
48710556,"Ballad of the Bullet: Gangs, Drill Music, and the Power of Online Infamy",Forrest Stuart,"Stuart, Forrest",,"=""0691194432""","=""9780691194431""",5,4.36,Princeton University Press,Hardcover,288,2020,2020,2025/12/26,2025/12/21,,,read,,,,1,0
23937,The Soft Machine (The Nova Trilogy #1),William S. Burroughs,"Burroughs, William S.",,"=""0802133290""","=""9780802133298""",4,3.43,Grove Press,Paperback,184,1994,1961,,2024/12/06,,,read,,,,1,0
23931,"Nova Express (The Nova Trilogy, #2)",William S. Burroughs,"Burroughs, William S.",,"=""0802133304""","=""9780802133304""",3,3.67,Grove Press,Paperback,192,1994,1964,,2024/12/06,,,read,,,,1,0
23929479,Soumission,Michel Houellebecq,"Houellebecq, Michel",,"=""2081354802""","=""9782081354807""",4,3.65,Flammarion,Paperback,300,2015,2015,,2024/12/06,,,read,,,,1,0
38376040,"The Border (Power of the Dog, #3)",Don Winslow,"Winslow, Don",,"=""0062664514""","=""9780062664518""",3,4.47,William Morrow,Kindle Edition,768,2019,2019,,2024/12/06,,,read,,,,1,0
249924,Bloodbrothers,Richard Price,"Price, Richard",,"=""0395977738""","=""9780395977736""",4,3.76,Mariner Books,Paperback,271,1999,1976,,2024/12/06,,,read,,,,1,0
39666558,"Sex Money Murder: A Story of Crack, Blood, and Betrayal",Jonathan  Green,"Green, Jonathan",,"=""0393244504""","=""9780393244502""",4,4.29,W. W. Norton & Company,Kindle Edition,423,2018,2018,2024/12/06,2019/03/09,"music, non-fiction","music (#1), non-fiction (#6)",read,,,,1,0
36236124,Fight Club,Chuck Palahniuk,"Palahniuk, Chuck",,"=""0393355942""","=""9780393355949""",4,4.18,W. W. Norton & Company,Paperback,224,2018,1996,,2024/12/06,fiction,fiction (#15),read,,,,1,0
168642,In Cold Blood,Truman Capote,"Capote, Truman",,"=""0679745580""","=""9780679745587""",5,4.09,Vintage,Paperback,343,1994,1966,,2025/08/02,,,read,,,,1,0
32418,"Hannibal (Hannibal Lecter, #3)",Thomas  Harris,"Harris, Thomas",,"=""""","=""""",4,3.82,Arrow,Paperback,564,2000,1999,,2025/08/02,,,read,,,,1,0
2615,The Innovator's Dilemma: The Revolutionary Book that Will Change the Way You Do Business,Clayton M. Christensen,"Christensen, Clayton M.",,"=""0060521996""","=""9780060521998""",4,4.04,Collins,Paperback,320,2003,1997,,2025/08/02,,,read,,,,1,0
1202,Freakonomics: A Rogue Economist Explores the Hidden Side of Everything,Steven D. Levitt,"Levitt, Steven D.",Stephen J. Dubner,"=""0061234001""","=""9780061234002""",4,4.01,William Morrow,Hardcover,268,2006,2005,,2025/08/02,,,read,,,,1,0
106835,The Intelligent Investor,Benjamin Graham,"Graham, Benjamin","Jason Zweig, Warren Buffett","=""0060555661""","=""9780060555665""",5,4.23,Harper Business,Paperback,623,2006,1949,,2025/08/02,,,read,,,,1,0
35167685,"""Surely You're Joking, Mr. Feynman!"": Adventures of a Curious Character",Richard P. Feynman,"Feynman, Richard P.","Ralph Leighton, Edward Hutchings","=""0393355624""","=""9780393355628""",5,4.26,W. W. Norton & Company,Paperback,400,2018,1985,,2025/08/02,,,read,,,,1,0
61539,The Structure of Scientific Revolutions,Thomas S. Kuhn,"Kuhn, Thomas S.",,"=""0226458083""","=""9780226458083""",5,4.03,University of Chicago Press,Paperback,226,1996,1962,,2025/08/02,,,read,,,,1,0
1713426,Predictably Irrational: The Hidden Forces That Shape Our Decisions,Dan Ariely,"Ariely, Dan",,"=""""","=""""",4,4.12,HarperCollins Canada ,Hardcover,247,2008,2008,,2025/08/02,,,read,,,,1,0
5752,The Blank Slate: The Modern Denial of Human Nature,Steven Pinker,"Pinker, Steven",,"=""0142003344""","=""9780142003343""",3,4.09,Penguin Books,Paperback,560,2003,2002,,2025/08/02,,,read,,,,1,0
9777,The God of Small Things,Arundhati Roy,"Roy, Arundhati",,"=""0679457313""","=""9780679457312""",5,3.96,Random House,Paperback,321,1997,1997,,2025/08/08,fiction,fiction (#53),read,,,,1,0
24800,House of Leaves,Mark Z. Danielewski,"Danielewski, Mark Z.",,"=""""","=""""",5,4.09,Random House,Paperback,709,2000,2000,,2025/08/08,"fiction, horror","fiction (#58), horror (#4)",read,,,,1,0
14836,Midnight’s Children,Salman Rushdie,"Rushdie, Salman",,"=""0099578514""","=""9780099578512""",5,3.97,Vintage,Paperback,647,1995,1981,,2025/08/08,"classics, fiction","classics (#12), fiction (#59)",read,,,,1,0
285092,High Fidelity,Nick Hornby,"Hornby, Nick",,"=""1573225517""","=""9781573225519""",4,3.90,Riverhead Books,Paperback,323,1996,1995,,2025/08/08,fiction,fiction (#60),read,,,,1,0
10033,Being and Nothingness,Jean-Paul Sartre,"Sartre, Jean-Paul",Hazel E. Barnes,"=""0415278481""","=""9780415278485""",5,3.99,Routledge,Paperback,688,2003,1943,,2025/08/08,philosophy,philosophy (#22),read,,,,1,0
24965,Fear and Trembling,Søren Kierkegaard,"Kierkegaard, Søren",Alastair Hannay,"=""0143037579""","=""9780143037576""",5,4.00,Penguin Books,Paperback,152,2006,1843,,2025/08/08,philosophy,philosophy (#23),read,,,,1,0
80369,Discipline and Punish: The Birth of the Prison,Michel Foucault,"Foucault, Michel",Alan Sheridan,"=""0679752552""","=""9780679752554""",5,4.24,Vintage,Paperback,333,1995,1975,,2025/08/08,philosophy,philosophy (#26),read,,,,1,0
457264,The Second Sex,Simone de Beauvoir,"Beauvoir, Simone de","H.M. Parshley, Deirdre Bair","=""0679724516""","=""9780679724513""",5,4.18,Vintage,Paperback,746,1989,1949,,2025/08/08,philosophy,philosophy (#27),read,,,,1,0
43069288,Galileo's Error: Foundations for a New Science of Consciousness,Philip Goff,"Goff, Philip",,"=""1524747963""","=""9781524747961""",4,3.97,Pantheon,Hardcover,256,2019,2019,2025/12/21,2025/11/23,"non-fiction, philosophy, science-general","non-fiction (#18), philosophy (#38), science-general (#8)",read,,,,1,0
63906672,Life Sentence: The Brief and Tragic Career of Baltimore’s Deadliest Gang Leader,Mark Bowden,"Bowden, Mark",,"=""0802162436""","=""9780802162434""",4,3.99,Atlantic Monthly Press,Kindle Edition,320,2023,2023,2025/12/12,2025/12/09,,,read,,,,1,0
205713762,The Crisis of Narration,Byung-Chul Han,"Han, Byung-Chul",Daniel Steuer,"=""1509560440""","=""9781509560448""",4,3.91,Polity,Kindle Edition,77,2024,2023,2025/11/04,2025/08/12,philosophy,philosophy (#37),read,,,,1,0
34848070,The Agony of Eros,Byung-Chul Han,"Han, Byung-Chul",,"=""""","=""""",5,3.91,The MIT Press,Kindle Edition,76,2017,2017,2025/11/20,2025/08/12,philosophy,philosophy (#36),read,,,,1,0
36613059,"Things That Bother Me: Death, Freedom, the Self, Etc.",Galen Strawson,"Strawson, Galen",,"=""1681372207""","=""9781681372204""",5,3.93,New York Review Books,Paperback,240,2018,,2025/11/25,2025/11/04,philosophy,philosophy (#35),read,,,,1,0
230910361,Shadow Ticket,Thomas Pynchon,"Pynchon, Thomas",,"=""1594206104""","=""9781594206108""",0,3.60,Penguin Press,Hardcover,293,2025,2025,,2025/10/08,currently-reading,currently-reading (#7),currently-reading,,,,1,0
218845,Ethics: An Essay on the Understanding of Evil,Alain Badiou,"Badiou, Alain",Peter Hallward,"=""1859844359""","=""9781859844359""",0,3.88,Verso,Paperback,214,2001,1994,2025/05/06,2025/09/10,"non-fiction, philosophy","non-fiction (#17), philosophy (#34)",read,,,,2,0
205363946,Annihilation,Michel Houellebecq,"Houellebecq, Michel",Shaun Whiteside,"=""0374608423""","=""9780374608422""",4,3.82,"Farrar, Straus and Giroux",Hardcover,544,2024,2022,2025/09/10,2025/08/24,fiction,fiction (#67),read,,,,1,0
8680,Fierce Invalids Home from Hot Climates,Tom Robbins,"Robbins, Tom",,"=""055337933X""","=""9780553379334""",0,4.04,Bantam,Paperback,445,2001,2000,,2025/09/02,,,read,,,,1,0
9370,Skinny Legs and All,Tom Robbins,"Robbins, Tom",,"=""1842430343""","=""9781842430347""",0,4.07,NO EXIT PRESS,Paperback,422,2002,1990,,2025/09/02,fiction,fiction (#77),read,,,,1,0
7572,Even Cowgirls Get the Blues,Tom Robbins,"Robbins, Tom",,"=""1842430246""","=""9781842430248""",0,3.79,NO EXIT PRESS,Paperback,366,2001,1976,,2025/09/02,fiction,fiction (#76),read,,,,1,0
9566,Still Life with Woodpecker,Tom Robbins,"Robbins, Tom",,"=""184243022X""","=""9781842430224""",0,4.04,No Exit Press,Paperback,277,2001,1980,,2025/09/02,fiction,fiction (#75),read,,,,1,0
16697,The Mysteries of Pittsburgh,Michael Chabon,"Chabon, Michael",,"=""0060790598""","=""9780060790592""",0,3.65,Harper Perennial,Paperback,320,2005,1988,,2025/08/30,fiction,fiction (#74),read,,,,1,0
16707,Wonder Boys,Michael Chabon,"Chabon, Michael",,"=""3423124172""","=""9783423124171""",0,3.93,Dt. Taschenbuch-Verl.,Kindle Edition,383,1998,1995,,2025/08/30,fiction,fiction (#73),read,,,,1,0
89758,The Kandy-Kolored Tangerine-Flake Streamline Baby,Tom Wolfe,"Wolfe, Tom",,"=""0553380583""","=""9780553380583""",0,3.76,Bantam,Paperback,368,1999,1965,,2025/08/30,,,read,,,,1,0
86172,A Man in Full,Tom Wolfe,"Wolfe, Tom",,"=""0553381334""","=""9780553381337""",0,3.89,Dial Press Trade Paperback,Paperback,704,2001,1998,,2025/08/30,fiction,fiction (#72),read,,,,1,0
231,I Am Charlotte Simmons,Tom Wolfe,"Wolfe, Tom",,"=""0312424442""","=""9780312424442""",0,3.46,Picador,Paperback,738,2005,2004,,2025/08/30,,,read,,,,1,0
2666,The Bonfire of the Vanities,Tom Wolfe,"Wolfe, Tom",,"=""""","=""""",0,3.92,Dial Press Trade Paperback,Paperback,690,2001,1987,,2025/08/30,fiction,fiction (#71),read,,,,1,0
34448,Screwjack,Hunter S. Thompson,"Thompson, Hunter S.",,"=""0684873214""","=""9780684873213""",0,3.51,Simon & Schuster,Hardcover,64,2000,2000,,2025/08/30,fiction,fiction (#70),read,,,,1,0
10878,"The Great Shark Hunt: Strange Tales from a Strange Time (The Gonzo Papers, #1)",Hunter S. Thompson,"Thompson, Hunter S.",,"=""0743250451""","=""9780743250450""",0,4.09,Simon & Schuster,Paperback,624,2003,1979,,2025/08/30,,,read,,,,1,0
7748,Fear and Loathing: On the Campaign Trail '72,Hunter S. Thompson,"Thompson, Hunter S.",,"=""0446698229""","=""9780446698221""",0,4.13,Grand Central Publishing,Paperback,481,2006,1973,,2025/08/30,,,read,,,,1,0
70236,Running Wild,J.G. Ballard,"Ballard, J.G.",,"=""0374525463""","=""9780374525460""",0,3.56,"Farrar, Straus and Giroux",Paperback,112,1999,1988,,2025/08/30,fiction,fiction (#69),read,,,,1,0
70277,Super-Cannes,J.G. Ballard,"Ballard, J.G.",,"=""0312306091""","=""9780312306090""",5,3.72,Picador,Paperback,400,2002,2000,2024/05/01,2025/08/30,fiction,fiction (#68),read,,,,1,0
783310,Powers of Horror: An Essay on Abjection,Julia Kristeva,"Kristeva, Julia",Leon Roudiez,"=""0231053479""","=""9780231053471""",0,4.07,Columbia University Press,Paperback,219,1982,1980,,2025/08/30,to-read,to-read (#56),to-read,,,,0,0
75665931,The Maniac,Benjamín Labatut,"Labatut, Benjamín",,"=""0593654471""","=""9780593654477""",0,4.34,Penguin Press,Hardcover,368,2023,2023,,2025/08/30,to-read,to-read (#55),to-read,,,,0,0
204640602,"The Third Realm (Morgenstjernen, #3)",Karl Ove Knausgård,"Knausgård, Karl Ove",Karl Ove Knausgaard,"=""0593655214""","=""9780593655214""",0,4.32,Penguin Press,Hardcover,512,2024,2022,,2025/08/30,to-read,to-read (#54),to-read,,,,0,0
57799745,"The Morning Star (Morgenstjernen, #1)",Karl Ove Knausgård,"Knausgård, Karl Ove","Karl Ove Knausgaard, Martin Aitken","=""0399563423""","=""9780399563423""",0,3.95,Penguin Press,Hardcover,666,2021,2020,,2025/08/30,to-read,to-read (#53),to-read,,,,0,0
222683896,The School of Night,Karl Ove Knausgård,"Knausgård, Karl Ove",Karl Ove Knausgaard,"=""0593832809""","=""9780593832806""",0,4.39,Penguin Press,Hardcover,512,2026,2023,,2025/08/30,to-read,to-read (#52),to-read,,,,0,0
40180098,The Overstory,Richard Powers,"Powers, Richard",,"=""039335668X""","=""9780393356687""",0,4.11,W.W. Norton & Company,Paperback,502,2019,2018,,2025/08/30,to-read,to-read (#51),to-read,,,,0,0
205363936,Lazarus Man,Richard Price,"Price, Richard",,"=""0374168156""","=""9780374168155""",5,3.51,"Farrar, Straus and Giroux",Hardcover,352,2024,2024,2025/08/24,2025/08/08,fiction,fiction (#62),read,,,,1,0
23944,"Cities of the Red Night (The Red Night Trilogy, #1)",William S. Burroughs,"Burroughs, William S.",,"=""0312278462""","=""9780312278465""",0,3.75,Picador,Paperback,332,1981,1981,,2025/08/22,,,read,,,,1,0
1325218,Scary Stories to Tell in the Dark,Alvin Schwartz,"Schwartz, Alvin",Stephen Gammell,"=""0590431978""","=""9780590431972""",0,4.06,"Scholastic, Inc.",Paperback,111,1989,1981,,2025/08/22,,,read,,,,1,0
281235,"Bunnicula: A Rabbit-Tale of Mystery (Bunnicula, #1)",Deborah Howe,"Howe, Deborah","James    Howe, Alan Daniel","=""1416928170""","=""9781416928171""",0,3.89,Atheneum Bo oks for Young Readers,Paperback,98,2006,1979,,2025/08/22,,,read,,,,1,0
8695,"The Restaurant at the End of the Universe (The Hitchhiker's Guide to the Galaxy, #2)",Douglas Adams,"Adams, Douglas",,"=""""","=""""",0,4.20,Del Rey,Paperback,250,2005,1980,,2025/08/22,,,read,,,,1,0
9589,Hocus Pocus,Kurt Vonnegut Jr.,"Jr., Kurt Vonnegut",,"=""0425161293""","=""9780425161296""",0,3.83,Berkley Books,Paperback,322,1997,1990,,2025/08/22,,,read,,,,1,0
10882,Hell's Angels,Hunter S. Thompson,"Thompson, Hunter S.",Sylvie Durastanti,"=""222109073X""","=""9782221090732""",0,3.98,Robert Laffont,Paperback,295,2000,1966,,2025/08/22,,,read,,,,1,0
8694,"Life, the Universe and Everything (The Hitchhiker's Guide to the Galaxy, #3)",Douglas Adams,"Adams, Douglas",,"=""0345418905""","=""9780345418906""",0,4.16,Random House Worlds,Paperback,224,1997,1982,,2025/08/22,,,read,,,,1,0
599,"Sex, Drugs, and Cocoa Puffs: A Low Culture Manifesto",Chuck Klosterman,"Klosterman, Chuck",,"=""0743236017""","=""9780743236010""",0,3.74,Scribner,Paperback,272,2004,2003,,2025/08/22,,,read,,,,1,0
6295,Howl and Other Poems,Allen Ginsberg,"Ginsberg, Allen",William Carlos Williams,"=""0872863107""","=""9780872863101""",0,4.13,City Lights,Hardcover,56,2001,1956,,2025/08/22,,,read,,,,1,0
6091075,"So Long, and Thanks for All the Fish (The Hitchhiker's Guide to the Galaxy, #4)",Douglas Adams,"Adams, Douglas",,"=""0307497909""","=""9780307497901""",0,4.08,Del Rey,Kindle Edition,225,2008,1984,,2025/08/22,,,read,,,,1,0
436806,Story of the Eye,Georges Bataille,"Bataille, Georges",Joachim Neugroschel,"=""0872862097""","=""9780872862098""",0,3.64,City Lights Publishers,Paperback,103,1987,1928,,2025/08/22,,,read,,,,1,0
70251,Concrete Island,J.G. Ballard,"Ballard, J.G.",,"=""031242034X""","=""9780312420345""",0,3.68,Picador,Paperback,176,2001,1974,,2025/08/22,fiction,fiction (#66),read,,,,1,0
18864,The Rum Diary,Hunter S. Thompson,"Thompson, Hunter S.",,"=""0684856476""","=""9780684856476""",0,3.85,Scribner / Simon & Schuster,Paperback,224,1999,1998,,2025/08/22,fiction,fiction (#65),read,,,,1,0
682745,The Basketball Diaries,Jim Carroll,"Carroll, Jim",,"=""""","=""""",0,3.99,Penguin Books/Penguin Group (USA) Inc.,Paperback,224,1995,1978,,2025/08/22,,,read,,,,1,0
22206,Lullaby,Chuck Palahniuk,"Palahniuk, Chuck",,"=""0099437961""","=""9780099437963""",0,3.74,Vintage,Paperback,260,2003,2002,,2025/08/22,fiction,fiction (#64),read,,,,1,0
7442,The Electric Kool-Aid Acid Test,Tom Wolfe,"Wolfe, Tom",,"=""0553380648""","=""9780553380644""",0,3.92,Bantam,Paperback,416,1999,1968,,2025/08/22,non-fiction,non-fiction (#16),read,,,,1,0
23955,Trainspotting,Irvine Welsh,"Welsh, Irvine",Eric Lindor Fall,"=""2020336464""","=""9782020336468""",0,4.11,Seuil,Mass Market Paperback,344,1998,1993,,2025/08/22,fiction,fiction (#63),read,,,,1,0
24509639,"Tentacles Longer Than Night (Horror of Philosophy, #3)",Eugene Thacker,"Thacker, Eugene",,"=""1782798897""","=""9781782798897""",4,3.94,Zer0 Books,Paperback,219,2015,2015,2025/08/08,2025/08/06,,,read,,,,2,0
765337,Difference and Repetition,Gilles Deleuze,"Deleuze, Gilles",Paul Patton,"=""0231081596""","=""9780231081597""",0,4.26,Columbia University Press,Paperback,350,1995,1968,,2025/08/08,to-read,to-read (#50),to-read,,,,0,0
201388,Minima Moralia: Reflections on a Damaged Life,Theodor W. Adorno,"Adorno, Theodor W.",E.F.N. Jephcott,"=""1844670511""","=""9781844670512""",0,4.24,Verso,Paperback,256,2005,1951,,2025/08/08,philosophy,philosophy (#33),read,,,,1,0
46199,Letters to a Young Poet,Rainer Maria Rilke,"Rilke, Rainer Maria","Franz Xaver Kappus, Reginald Snell","=""0486422453""","=""9780486422459""",0,4.27,Dover Publications,Paperback,80,2002,1929,,2025/08/08,,,read,,,,1,0
18521,A Room of One’s Own,Virginia Woolf,"Woolf, Virginia",,"=""""","=""""",0,4.22,Penguin Books,Paperback,112,2000,1929,,2025/08/08,,,read,,,,1,0
29501,"The End of Faith: Religion, Terror, and the Future of Reason",Sam Harris,"Harris, Sam",,"=""0393327655""","=""9780393327656""",0,3.89,W. W. Norton,Paperback,348,2005,2004,,2025/08/08,non-fiction,non-fiction (#15),read,,,,1,0
66933,The Wretched of the Earth,Frantz Fanon,"Fanon, Frantz","Homi K. Bhabha, Richard Philcox, Jean-Paul Sartre","=""0802141323""","=""9780802141323""",0,4.35,Grove Press,Paperback,251,2005,1961,,2025/08/08,"non-fiction, philosophy","non-fiction (#14), philosophy (#32)",read,,,,1,0
13269,The Poetics of Space,Gaston Bachelard,"Bachelard, Gaston","Maria Jolas, John R. Stilgoe","=""0807064734""","=""9780807064733""",0,4.18,Beacon,Paperback,282,1994,1957,,2025/08/08,to-read,to-read (#49),to-read,,,,0,0
8524528,The Conspiracy Against the Human Race,Thomas Ligotti,"Ligotti, Thomas",Ray Brassier,"=""098242969X""","=""9780982429693""",0,4.02,Hippocampus Press,Hardcover,240,2010,2011,,2025/08/08,to-read,to-read (#48),to-read,,,,0,0
25490360,The Burnout Society,Byung-Chul Han,"Han, Byung-Chul",Erik Butler,"=""0804795096""","=""9780804795098""",0,3.85,Stanford University Press,Paperback,60,2015,2010,,2025/08/08,to-read,to-read (#47),to-read,,,,0,0
18912,The Sublime Object of Ideology,Slavoj Žižek,"Žižek, Slavoj",,"=""0860919714""","=""9780860919711""",0,4.07,Verso,Paperback,256,1989,1989,,2025/08/08,to-read,to-read (#46),to-read,,,,0,0
85812,Dialectic of Enlightenment: Philosophical Fragments,Max Horkheimer,"Horkheimer, Max","Theodor W. Adorno, Gunzelin Schmid Nörr, Edmund Jephcott","=""0804736332""","=""9780804736336""",0,4.11,Stanford University Press,Paperback,304,2007,1947,,2025/08/08,to-read,to-read (#45),to-read,,,,0,0
18279,Phenomenology of Perception,Maurice Merleau-Ponty,"Merleau-Ponty, Maurice",Colin Smith,"=""0415278414""","=""9780415278416""",0,4.18,Routledge,Paperback,544,2005,1945,,2025/08/08,to-read,to-read (#44),to-read,,,,0,0
119561,The Order of Things: An Archaeology of the Human Sciences,Michel Foucault,"Foucault, Michel",,"=""0679753354""","=""9780679753353""",0,4.12,Vintage,Paperback,416,1994,1966,,2025/08/08,non-fiction,non-fiction (#13),read,,,,1,0
132626,On the Genealogy of Morals / Ecce Homo,Friedrich Nietzsche,"Nietzsche, Friedrich","Walter Kaufmann, R.J. Hollingdale","=""0679724621""","=""9780679724629""",0,4.17,Vintage Bookx,Paperback,367,2010,1887,,2025/08/08,philosophy,philosophy (#31),read,,,,1,0
13530973,Antifragile: Things That Gain from Disorder,Nassim Nicholas Taleb,"Taleb, Nassim Nicholas",,"=""1400067820""","=""9781400067824""",0,4.10,Random House,Hardcover,426,2012,2012,,2025/08/08,,,read,,,,1,0
242472,The Black Swan: The Impact of the Highly Improbable,Nassim Nicholas Taleb,"Taleb, Nassim Nicholas",,"=""1400063515""","=""9781400063512""",0,3.96,Random House ,Hardcover,480,2007,2007,,2025/08/08,non-fiction,non-fiction (#12),read,,,,1,0
1038873,Think: A Compelling Introduction to Philosophy,Simon Blackburn,"Blackburn, Simon",,"=""0192100246""","=""9780192100245""",0,3.74,"Oxford University Press, USA",Hardcover,312,1999,1999,,2025/08/08,philosophy,philosophy (#30),read,,,,1,0
449407,Pensées,Blaise Pascal,"Pascal, Blaise","T.S. Eliot, A.J. Krailsheimer, George Iancu Ghidu","=""""","=""""",0,3.94,Penguin Classics,Paperback,334,1995,1670,,2025/08/08,to-read,to-read (#43),to-read,,,,0,0
1875,"The History of Sexuality, Volume 1: An Introduction",Michel Foucault,"Foucault, Michel",Robert Hurley,"=""0679724699""","=""9780679724698""",0,4.02,Vintage,Paperback,176,1990,1976,,2025/08/08,"non-fiction, philosophy","non-fiction (#11), philosophy (#29)",read,,,,1,0
13270,Poetics,Aristotle,"Aristotle, Aristotle",Malcolm Heath,"=""0140446362""","=""9780140446364""",0,3.83,Penguin Classics,Paperback,144,1996,-335,,2025/08/08,"literarycriticism, non-fiction, philosophy","literarycriticism (#2), non-fiction (#10), philosophy (#28)",read,,,,1,0
18288,Critique of Pure Reason,Immanuel Kant,"Kant, Immanuel","Paul Guyer, Allen W. Wood","=""0521657296""","=""9780521657297""",0,3.96,Cambridge University Press,Paperback,785,1999,1781,,2025/08/08,to-read,to-read (#42),to-read,,,,0,0
12075,Tractatus Logico-Philosophicus,Ludwig Wittgenstein,"Wittgenstein, Ludwig","David Pears, Brian McGuinness, Bertrand Russell","=""0415254086""","=""9780415254083""",0,4.10,Routledge Classics,Paperback,142,2001,1921,,2025/08/08,to-read,to-read (#41),to-read,,,,0,0
22632,"The Trial and Death of Socrates (Euthyphro, Apology, Crito, Phaedo)",Plato,"Plato, Plato","John M. Cooper, G.M.A. Grube","=""0872205541""","=""9780872205543""",0,4.12,Hackett Publishing Company,Paperback,58,2001,-400,,2025/08/08,philosophy,philosophy (#25),read,,,,1,0
80449,On the Genealogy of Morals,Friedrich Nietzsche,"Nietzsche, Friedrich",Douglas Smith,"=""019283617X""","=""9780192836175""",0,4.12,Oxford University Press,Paperback,208,1999,1887,,2025/08/08,philosophy,philosophy (#24),read,,,,1,0
629,"Zen and the Art of Motorcycle Maintenance: An Inquiry Into Values (Phaedrus, #1)",Robert M. Pirsig,"Pirsig, Robert M.",,"=""0060589469""","=""9780060589462""",0,3.78,HarperTorch,Mass Market Paperback,540,2006,1974,,2025/08/08,"non-fiction, philosophy","non-fiction (#9), philosophy (#21)",read,,,,1,0
81779,The Symposium,Plato,"Plato, Plato",Christopher Gill,"=""0140449272""","=""9780140449273""",0,4.09,Penguin Books,Paperback,90,2003,-380,,2025/08/08,philosophy,philosophy (#20),read,,,,1,0
12321,Beyond Good and Evil,Friedrich Nietzsche,"Nietzsche, Friedrich","Michael Tanner, R.J. Hollingdale","=""014044923X""","=""9780140449235""",0,4.03,Penguin Classics,Paperback,240,2003,1886,,2025/08/08,philosophy,philosophy (#19),read,,,,1,0
51893,Thus Spoke Zarathustra,Friedrich Nietzsche,"Nietzsche, Friedrich","Walter Kaufmann, Silvia Cecchini, Domenico Ciampoli","=""""","=""""",5,4.07,Penguin Books,Paperback,327,1978,1883,,2025/08/08,philosophy,philosophy (#18),read,,,,1,0
76865,Good to Great: Why Some Companies Make the Leap... and Others Don't,Jim Collins,"Collins, Jim",,"=""0066620996""","=""9780066620992""",0,4.12,Harper Business,Hardcover,300,2001,2001,,2025/08/08,non-fiction,non-fiction (#8),read,,,,1,0
40940121,Bridge to Terabithia,Katherine Paterson,"Paterson, Katherine",,"=""""","=""""",0,4.06,HarperCollins,Kindle Edition,190,2009,1977,,2025/08/08,,,read,,,,1,0
7745,Fear and Loathing in Las Vegas: A Savage Journey to the Heart of the American Dream,Hunter S. Thompson,"Thompson, Hunter S.",Ralph Steadman,"=""0679785892""","=""9780679785897""",0,4.06,Vintage Books,Paperback,204,1998,1971,,2025/08/08,"classics, fiction","classics (#13), fiction (#61)",read,,,,1,0
4980,Breakfast of Champions,Kurt Vonnegut Jr.,"Jr., Kurt Vonnegut",,"=""0385334206""","=""9780385334204""",0,4.06,Dell Publishing,Paperback,303,1999,1973,,2025/08/08,fiction,fiction (#57),read,,,,1,0
3985,The Amazing Adventures of Kavalier & Clay,Michael Chabon,"Chabon, Michael",,"=""0312282990""","=""9780312282998""",0,4.19,Picador USA,Paperback,639,2001,2000,,2025/08/08,fiction,fiction (#56),read,,,,1,0
11989,The Plague,Albert Camus,"Camus, Albert",Stuart Gilbert,"=""""","=""""",0,4.02,Vintage International,Paperback,308,1991,1947,,2025/08/08,"fiction, philosophy","fiction (#55), philosophy (#17)",read,,,,1,0
310612,A Confederacy of Dunces,John Kennedy Toole,"Toole, John Kennedy",Walker Percy,"=""0802130208""","=""9780802130204""",0,3.89,Grove Press,Paperback,394,1994,1980,,2025/08/08,fiction,fiction (#54),read,,,,1,0
24509640,"Starry Speculative Corpse (Horror of Philosophy, #2)",Eugene Thacker,"Thacker, Eugene",,"=""1782798919""","=""9781782798910""",4,3.89,Zer0 Books,Paperback,201,2015,2015,2025/08/06,2025/07/20,,,read,,,,1,0
11,"The Hitchhiker’s Guide to the Galaxy (Hitchhiker's Guide to the Galaxy, #1)",Douglas Adams,"Adams, Douglas",,"=""""","=""""",5,4.22,Del Rey Books,Mass Market Paperback,216,2005,1979,,2025/08/03,,,read,,,,1,0
32508,"The Black Echo (Harry Bosch, #1; Harry Bosch Universe, #1)",Michael    Connelly,"Connelly, Michael",,"=""0446612731""","=""9780446612739""",0,4.14,Grand Central Publishing,Paperback,482,2002,1992,,2025/08/03,,,read,,,,1,0
333538,The Castle,Franz Kafka,"Kafka, Franz",Mark Harman,"=""0805211063""","=""9780805211061""",0,3.91,Schocken,Paperback,328,1998,1926,,2025/08/03,,,read,,,,1,0
23289,The Dead,James Joyce,"Joyce, James",,"=""""","=""9780974960906""",0,3.97,Melville House Publishing,Paperback,100,2011,1914,,2025/08/03,,,read,,,,1,0
338798,Ulysses,James Joyce,"Joyce, James","Morris L. Ernst, John M. Woolsey","=""""","=""""",0,3.76,Vintage,Paperback,783,1990,1922,,2025/08/02,,,read,,,,1,0
662,Atlas Shrugged,Ayn Rand,"Rand, Ayn",Leonard Peikoff,"=""0452011876""","=""9780452011878""",1,3.69,Plume,Paperback,1168,1999,1957,,2025/08/02,,,read,,,,1,0
357636,Civilization and Its Discontents,Sigmund Freud,"Freud, Sigmund","Peter Gay, James Strachey","=""0393301583""","=""9780393301588""",5,3.80,W. W. Norton  Company,Paperback,127,1989,1930,,2025/08/02,,,read,,,,1,0
361459,An Unquiet Mind: A Memoir of Moods and Madness,Kay Redfield Jamison,"Jamison, Kay Redfield",,"=""0679763309""","=""9780679763307""",0,4.06,Vintage,Paperback,240,1997,1995,,2025/08/02,,,read,,,,1,0
93981,The Interpretation of Dreams,Sigmund Freud,"Freud, Sigmund",,"=""1566195764""","=""9781566195768""",5,3.84,Barnes & Noble,Hardcover,630,1994,1899,,2025/08/02,,,read,,,,1,0
63697,The Man Who Mistook His Wife for a Hat and Other Clinical Tales,Oliver Sacks,"Sacks, Oliver",,"=""""","=""""",0,4.05,Touchstone,Paperback,243,1998,1985,,2025/08/02,,,read,,,,1,0
17349,The Demon-Haunted World: Science as a Candle in the Dark,Carl Sagan,"Sagan, Carl",Ann Druyan,"=""0345409469""","=""9780345409461""",0,4.29,Ballantine Books,Paperback,459,1997,1995,,2025/08/02,,,read,,,,1,0
8049273,"The Elegant Universe: Superstrings, Hidden Dimensions, and the Quest for the Ultimate Theory",Brian Greene,"Greene, Brian",,"=""039333810X""","=""9780393338102""",4,4.10,W. W. Norton & Company,Paperback,464,2010,1999,,2025/08/02,,,read,,,,1,0
61535,The Selfish Gene,Richard Dawkins,"Dawkins, Richard",,"=""0199291152""","=""9780199291151""",0,4.16,Oxford University Press,Paperback,360,2006,1976,,2025/08/02,,,read,,,,1,0
3869,A Brief History of Time,Stephen W. Hawking,"Hawking, Stephen W.",,"=""0553380168""","=""9780553380163""",5,4.21,Bantam Books,Paperback,226,1998,1988,,2025/08/02,,,read,,,,1,0
899492,The Tell-Tale Heart,Edgar Allan Poe,"Poe, Edgar Allan",Byron Glaser,"=""0871917726""","=""9780871917720""",5,4.24,Creative Education,Library Binding,31,1980,1843,,2025/08/02,,,read,,,,1,0
2122,The Fountainhead,Ayn Rand,"Rand, Ayn",Leonard Peikoff,"=""""","=""""",2,3.89,Signet Book,Mass Market Paperback,704,1996,1943,,2025/08/02,,,read,,,,1,0
5113,Franny and Zooey,J.D. Salinger,"Salinger, J.D.",,"=""0316769029""","=""9780316769020""",5,3.96,Back Bay Books,Paperback,201,2001,1957,,2025/08/02,,,read,,,,1,0
17716,Waiting for Godot,Samuel Beckett,"Beckett, Samuel",,"=""""","=""""",5,3.84,Grove,Paperback,109,2011,1951,,2025/08/02,,,read,,,,1,0
21348,Aesop’s Fables,Aesop,"Aesop, Aesop","Laura Harris, V.S. Vernon Jones, Edward Julius Detmold, G.K. Chesterton, Laura   Gibbs","=""0192840509""","=""9780192840509""",0,4.05,Oxford University Press,Paperback,352,2003,-560,,2025/08/02,,,read,,,,1,0
19351,The Epic of Gilgamesh,Anonymous,"Anonymous, Anonymous","N.K. Sandars, John Maier, Herbert Mason, John H. Marks, Morris Jastrow Jr.","=""0141026286""","=""9780141026282""",0,3.75,Penguin Books Limited,Paperback,72,2006,-2000,,2025/08/02,,,read,,,,1,0
41681,The Jungle,Upton Sinclair,"Sinclair, Upton","Earl Lee, Kathleen De Grave","=""1884365302""","=""9781884365300""",5,3.78,See Sharp Press,Paperback,335,2003,1906,,2025/08/02,,,read,,,,1,0
10365,Where the Red Fern Grows,Wilson Rawls,"Rawls, Wilson",,"=""0375806814""","=""9780375806810""",0,4.13,Yearling,Mass Market Paperback,272,2000,1961,,2025/08/02,,,read,,,,1,0
43035,White Fang,Jack London,"London, Jack",K.A. Applegate,"=""""","=""""",0,4.03,Scholastic Paperbacks,Paperback,252,2001,1906,,2025/08/02,,,read,,,,1,0
11012,Dubliners,James Joyce,"Joyce, James","Terence Brown, Jeri Johnson","=""""","=""""",5,3.83,Oxford University Press,Paperback,352,2001,1914,,2025/08/02,,,read,,,,1,0
16902,"Walden or, Life in the Woods",Henry David Thoreau,"Thoreau, Henry David",Bill McKibben,"=""""","=""""",0,3.77,Princeton University Press,Paperback,352,2004,1854,,2025/08/02,,,read,,,,1,0
7588,A Portrait of the Artist as a Young Man,James Joyce,"Joyce, James",Seamus Deane,"=""0142437344""","=""9780142437346""",5,3.64,Penguin Classics,Paperback,329,2003,1916,,2025/08/02,,,read,,,,1,0
49455,Notes from Underground,Fyodor Dostoevsky,"Dostoevsky, Fyodor","Richard Pevear, Larissa Volokhonsky, Donald Fanger","=""067973452X""","=""9780679734529""",0,4.17,Vintage Classics,Paperback,136,1994,1864,,2025/08/02,to-read,to-read (#40),to-read,,,,0,0
76620,"Watership Down (Watership Down, #1)",Richard  Adams,"Adams, Richard",,"=""038039586X""","=""9780380395866""",0,4.09,Avon Books,Mass Market Paperback,478,1975,1972,,2025/08/02,,,read,,,,1,0
15997,Paradise Lost,John Milton,"Milton, John",,"=""0140424393""","=""9780140424393""",5,3.86,Penguin Classics,Paperback,453,2003,1667,,2025/08/02,,,read,,,,1,0
17690,The Trial,Franz Kafka,"Kafka, Franz","Max Brod, Willa Muir, Edwin Muir","=""""","=""""",0,3.94,Vintage,Paperback,255,2001,1925,,2025/08/02,,,read,,,,1,0
15645,Inferno,Dante Alighieri,"Alighieri, Dante",Anthony Esolen,"=""0812970063""","=""9780812970067""",0,4.03,Modern Library,Kindle Edition,490,2022,1321,,2025/08/02,,,read,,,,1,0
14891,A Tree Grows in Brooklyn,Betty  Smith,"Smith, Betty",,"=""0061120073""","=""9780061120077""",4,4.30,HarperCollins Publishers,Paperback,496,2006,1943,,2025/08/02,,,read,,,,1,0
286957,The Yellow Wall-Paper,Charlotte Perkins Gilman,"Gilman, Charlotte Perkins",Elaine R. Hedges,"=""1558611584""","=""9781558611580""",5,4.07,The Feminist Press at CUNY,Paperback,62,1996,1892,,2025/08/02,,,read,,,,1,0
2696,The Canterbury Tales,Geoffrey Chaucer,"Chaucer, Geoffrey",Nevill Coghill,"=""0140424385""","=""9780140424386""",0,3.53,Penguin Books,Paperback,504,2003,1400,,2025/08/02,,,read,,,,1,0
2932,Robinson Crusoe,Daniel Defoe,"Defoe, Daniel",Virginia Woolf,"=""""","=""""",0,3.68,Modern Library,Hardcover,320,2001,1719,,2025/08/02,,,read,,,,1,0
24178,Charlotte’s Web,E.B. White,"White, E.B.","Garth Williams, Rosemary Wells","=""0064410935""","=""9780064410939""",0,4.21,HarperCollinsPublishers,Paperback,184,2001,1952,,2025/08/02,,,read,,,,1,0
1852,The Call of the Wild,Jack London,"London, Jack",Avi,"=""""","=""""",0,3.92,Scholastic,Mass Market Paperback,172,2001,1903,,2025/08/02,,,read,,,,1,0
92303,The Importance of Being Earnest,Oscar Wilde,"Wilde, Oscar",,"=""158049580X""","=""9781580495806""",0,4.17,Prestwick House,Paperback,89,2005,1895,,2025/08/02,,,read,,,,1,0
77265004,The Iliad,Homer,"Homer, Homer",Emily Wilson,"=""1324001801""","=""9781324001805""",0,3.93,W. W. Norton & Company,Hardcover,848,2023,-800,,2025/08/02,,,read,,,,1,0
43913694,Macbeth,William Shakespeare,"Shakespeare, William","Carmen Kahn, Jack Armstrong","=""0998809101""","=""9780998809106""",0,3.89,Shakespeare Moment by Moment,Paperback,214,2016,1623,,2025/08/02,,,read,,,,1,0
1420,Hamlet,William Shakespeare,"Shakespeare, William","Harold Bloom, Rex Gibson, Israel Gollancz, Henry Norman Hudson, L.A. Sherman, Max J. Herzberg","=""0521618746""","=""9780521618748""",0,4.03,Cambridge University Press,Paperback,289,2005,1601,,2025/08/02,,,read,,,,1,0
35031085,Frankenstein: The 1818 Text,Mary Wollstonecraft Shelley,"Shelley, Mary Wollstonecraft",Charlotte  Gordon,"=""0143131842""","=""9780143131847""",0,3.91,Penguin Classics,Paperback,260,2018,1818,,2025/08/02,,,read,,,,1,0
61329,Crossing the Chasm: Marketing and Selling High-Tech Products to Mainstream Customers,Geoffrey A. Moore,"Moore, Geoffrey A.",Regis McKenna,"=""0060517123""","=""9780060517120""",0,4.02,HarperBusiness,Paperback,211,2006,2002,,2025/08/02,,,read,,,,1,0
386187,Midnight in the Garden of Good and Evil,John Berendt,"Berendt, John",,"=""0679751521""","=""9780679751526""",0,3.92,Vintage,Paperback,386,1999,1994,,2025/08/02,,,read,,,,1,0
498389,"The Devil's Star (Harry Hole, #5)",Jo Nesbø,"Nesbø, Jo",,"=""0099478536""","=""9780099478539""",0,4.06,Vintage,Mass Market Paperback,528,2006,2003,,2025/08/02,,,read,,,,1,0
21704,"The Black Dahlia (L.A. Quartet, #1)",James Ellroy,"Ellroy, James",,"=""0446698873""","=""9780446698870""",0,3.78,Mysterious Press,Paperback,348,2006,1987,,2025/08/02,,,read,,,,1,0
9572203,"The Snowman (Harry Hole, #7)",Jo Nesbø,"Nesbø, Jo",Don Bartlett,"=""0307595862""","=""9780307595867""",0,4.03,Knopf Publishing Group,Mass Market Paperback,383,2011,2007,,2025/08/02,,,read,,,,1,0
23807,"The Silence of the Lambs  (Hannibal Lecter, #2)",Thomas  Harris,"Harris, Thomas",,"=""""","=""""",0,4.26,Arrow Books,Paperback,421,2002,1988,,2025/08/02,,,read,,,,1,0
28877,"Red Dragon (Hannibal Lecter, #1)",Thomas  Harris,"Harris, Thomas",,"=""""","=""""",0,4.07,Dutton,Hardcover,454,2000,1981,,2025/08/02,,,read,,,,1,0
5886881,Dark Places,Gillian Flynn,"Flynn, Gillian",,"=""0307341569""","=""9780307341563""",0,3.94,Shaye Areheart Books,Hardcover,424,2009,2009,,2025/08/02,,,read,,,,1,0
45747,In Gods We Trust: The Evolutionary Landscape of Religion (Evolution and Cognition),Scott Atran,"Atran, Scott",,"=""0195178033""","=""9780195178036""",5,3.94,Oxford University Press,Paperback,348,2002,2002,,2007/01/31,anthropology,anthropology (#1),read,,,,1,0
5757,How the Mind Works,Steven Pinker,"Pinker, Steven",,"=""1582881189""","=""9781582881188""",4,3.99,Scientific American Modern Cla,Hardcover,660,2004,1997,,2007/01/31,"philosophy, science-general","philosophy (#16), science-general (#7)",read,,,,1,0
5753,Words and Rules,Steven Pinker,"Pinker, Steven",,"=""0753810255""","=""9780753810255""",5,3.91,,Paperback,397,2000,1999,,2007/01/31,"philosophy, science-general","philosophy (#15), science-general (#6)",read,,,,1,0
5755,The Language Instinct: How the Mind Creates Language,Steven Pinker,"Pinker, Steven",,"=""0060958332""","=""9780060958336""",4,4.01,Harper Perennial Modern Classics,Paperback,448,2000,1994,,2007/01/31,"philosophy, science-general","philosophy (#14), science-general (#5)",read,,,,1,0
2071,Freedom Evolves,Daniel C. Dennett,"Dennett, Daniel C.",,"=""0142003840""","=""9780142003848""",4,3.82,Penguin,Paperback,368,2004,2003,,2007/01/31,philosophy,philosophy (#13),read,,,,1,0
2067,Breaking the Spell: Religion as a Natural Phenomenon,Daniel C. Dennett,"Dennett, Daniel C.",,"=""067003472X""","=""9780670034727""",3,3.88,Viking Adult,Hardcover,464,2006,2006,,2007/01/31,philosophy,philosophy (#12),read,,,,1,0
2069,Consciousness Explained,Daniel C. Dennett,"Dennett, Daniel C.",,"=""0316180661""","=""9780316180665""",5,3.90,Back Bay Books,Paperback,511,1991,1991,,2007/01/31,"philosophy, science-general","philosophy (#11), science-general (#4)",read,,,,1,0
2068,Darwin's Dangerous Idea: Evolution and the Meanings of Life,Daniel C. Dennett,"Dennett, Daniel C.",,"=""068482471X""","=""9780684824710""",5,4.07,Simon & Schuster,Paperback,588,1996,1995,,2007/01/31,"philosophy, science-general","philosophy (#10), science-general (#3)",read,,,,1,0
5809,V.,Thomas Pynchon,"Pynchon, Thomas",Carlos Martín Ramírez,"=""2020418770""","=""9782020418775""",5,3.97,Seuil,Mass Market Paperback,640,2001,1963,,2007/01/31,fiction,fiction (#52),read,,,,1,0
411,The Crying of Lot 49,Thomas Pynchon,"Pynchon, Thomas",,"=""0060931671""","=""9780060931674""",5,3.69,Harper Perennial Modern Classics,Paperback,152,1999,1966,,2007/01/31,fiction,fiction (#51),read,,,,1,0
45634,"The Ice-Shirt (Seven Dreams, #1)",William T. Vollmann,"Vollmann, William T.",,"=""0140131965""","=""9780140131963""",4,3.97,Penguin Publishing Group,Paperback,415,1993,1990,,2007/01/31,fiction,fiction (#50),read,,,,1,0
45632,The Royal Family,William T. Vollmann,"Vollmann, William T.",,"=""0670891673""","=""9780670891672""",5,3.98,Viking Adult,Hardcover,774,2000,2000,,2007/01/31,fiction,fiction (#49),read,,,,1,0
45630,Whores for Gloria,William T. Vollmann,"Vollmann, William T.",,"=""0140231579""","=""9780140231571""",4,3.74,Penguin Publishing Group,Paperback,160,1994,1991,,2007/01/31,fiction,fiction (#48),read,,,,1,0
12398,Europe Central,William T. Vollmann,"Vollmann, William T.",,"=""0143036599""","=""9780143036593""",4,3.99,Penguin,Paperback,811,2005,2005,,2007/01/31,fiction,fiction (#47),read,,,,1,0
123845,Self-Reliance and Other Essays (Dover Thrift Editions: Philosophy),Ralph Waldo Emerson,"Emerson, Ralph Waldo",,"=""0486277909""","=""9780486277905""",5,4.12,Dover Publications,Paperback,117,1993,1844,,2024/12/06,"classics, non-fiction","classics (#11), non-fiction (#7)",read,,,,1,0
263985,The Possibility of an Island,Michel Houellebecq,"Houellebecq, Michel",Gavin Bowd,"=""0307275213""","=""9780307275219""",3,3.80,Vintage,Paperback,352,2007,2005,,2024/12/06,fiction,fiction (#46),read,,,,1,0
42594530,Serotonin,Michel Houellebecq,"Houellebecq, Michel",,"=""3832184422""","=""9783832184421""",5,3.58,DuMont Buchverlag GmbH,Kindle Edition,337,2019,2019,,2024/12/06,fiction,fiction (#45),read,,,,1,0
5578911,In the Woods (Dublin Murder Squad #1),Tana French,"French, Tana",,"=""""","=""""",4,3.78,Penguin Publishing,ebook,429,2007,2007,2016/12/23,2016/11/03,fiction,fiction (#44),read,,,,1,0
1862313,Lush Life,Richard Price,"Price, Richard",,"=""0374299250""","=""9780374299255""",4,3.73,"Farrar, Straus and Giroux",Hardcover,464,2008,2008,,2024/12/06,fiction,fiction (#43),read,,,,1,0
1182523,Samaritan,Richard Price,"Price, Richard",,"=""037572513X""","=""9780375725135""",4,3.72,Knopf Doubleday Publishing Group,Paperback,378,2004,2003,,2024/12/06,fiction,fiction (#42),read,,,,1,0
63031,By Night in Chile,Roberto Bolaño,"Bolaño, Roberto",Chris    Andrews,"=""""","=""""",4,3.90,New Directions,Paperback,118,2011,2000,,2024/12/06,fiction,fiction (#41),read,,,,1,0
2657,To Kill a Mockingbird,Harper Lee,"Lee, Harper",,"=""0060935464""","=""9780060935467""",5,4.26,Harper Perennial Modern Classics ,Paperback,323,2006,1960,,2024/12/06,"classics, fiction","classics (#10), fiction (#40)",read,,,,1,0
5129,Brave New World,Aldous Huxley,"Huxley, Aldous",,"=""0060929871""","=""9780060929879""",5,3.99,HarperPerennial / Perennial Classics,Paperback,288,1998,1932,,2024/12/06,fiction,fiction (#39),read,,,,1,0
46969,Maggie Cassidy,Jack Kerouac,"Kerouac, Jack",,"=""0140179062""","=""9780140179064""",3,3.59,Penguin Publishing Group,Paperback,194,1993,1959,,2024/12/06,fiction,fiction (#38),read,,,,1,0
46945,Requiem for a Dream,Hubert Selby Jr.,"Jr., Hubert Selby","Darren Aronofsky, Richard Price","=""1560252480""","=""9781560252481""",5,4.11,Grand Central Publishing,Paperback,279,1999,1978,,2024/12/06,fiction,fiction (#37),read,,,,1,0
4981,Slaughterhouse-Five,Kurt Vonnegut Jr.,"Jr., Kurt Vonnegut",,"=""""","=""""",5,4.10,Dial Press,Paperback,275,1999,1969,,2024/12/06,fiction,fiction (#36),read,,,,1,0
123969,Visions of Cody,Jack Kerouac,"Kerouac, Jack",,"=""0586091599""","=""9780586091593""",4,3.56,Flamingo,Paperback,464,1995,1959,,2024/12/06,fiction,fiction (#35),read,,,,1,0
425123,"Gone, Baby, Gone (Kenzie & Gennaro, #4)",Dennis Lehane,"Lehane, Dennis",,"=""0380730359""","=""9780380730353""",4,4.16,William Morrow Paperbacks,Mass Market Paperback,412,1999,1998,,2024/12/06,fiction,fiction (#34),read,,,,1,0
170448,Animal Farm,George Orwell,"Orwell, George","Russell Baker, C.M. Woodhouse","=""0451526341""","=""9780451526342""",5,4.02,Signet Classics,Mass Market Paperback,141,1996,1945,,2024/12/06,"classics, fiction, philosophy","classics (#9), fiction (#33), philosophy (#9)",read,,,,1,0
61439040,1984,George Orwell,"Orwell, George",Thomas Pynchon,"=""0452284236""","=""9780452284234""",5,4.20,Plume,Paperback,368,2022,1949,,2024/12/06,fiction,fiction (#32),read,,,,1,0
5107,The Catcher in the Rye,J.D. Salinger,"Salinger, J.D.",,"=""0316769177""","=""9780316769174""",5,3.80,Back Bay Books,Paperback,277,2001,1951,,2024/12/06,fiction,fiction (#31),read,,,,1,0
18114322,The Grapes of Wrath,John Steinbeck,"Steinbeck, John",,"=""067001690X""","=""9780670016907""",5,4.03,Viking,Hardcover,496,2014,1939,,2024/12/06,"classics, fiction","classics (#8), fiction (#30)",read,,,,1,0
49552,The Stranger,Albert Camus,"Camus, Albert",Matthew  Ward,"=""""","=""""",5,4.03,Vintage International,Paperback,123,1989,1942,,2024/12/06,"fiction, philosophy","fiction (#29), philosophy (#8)",read,,,,1,0
890,Of Mice and Men,John Steinbeck,"Steinbeck, John",,"=""0142000671""","=""9780142000670""",5,3.90,Penguin Books,Paperback,107,2002,1937,,2024/12/06,"classics, fiction","classics (#7), fiction (#28)",read,,,,1,0
332613,One Flew Over the Cuckoo’s Nest,Ken Kesey,"Kesey, Ken",,"=""""","=""""",5,4.20,Signet,Mass Market Paperback,325,1963,1962,,2024/12/06,fiction,fiction (#27),read,,,,1,0
6514,The Bell Jar,Sylvia Plath,"Plath, Sylvia",,"=""0571268862""","=""9780571268863""",5,4.05,Harper Perennial Modern Classics,Paperback,294,2006,1963,,2024/12/06,fiction,fiction (#26),read,,,,1,0
41817486,A Clockwork Orange,Anthony Burgess,"Burgess, Anthony",,"=""0393341763""","=""9780393341768""",5,4.00,W. W. Norton & Company,Paperback,240,2019,1962,,2024/12/06,"classics, fiction","classics (#6), fiction (#25)",read,,,,1,0
5297,The Picture of Dorian Gray,Oscar Wilde,"Wilde, Oscar",Jeffrey Eugenides,"=""""","=""""",5,4.13,Random House: Modern Library,Paperback,272,2004,1890,,2024/12/06,"classics, fiction","classics (#5), fiction (#24)",read,,,,1,0
17245,Dracula,Bram Stoker,"Stoker, Bram","Rubén Toledo, Nina Auerbach, David J. Skal","=""0393970124""","=""9780393970128""",0,4.02,Norton,Paperback,488,1986,1897,,2024/12/06,fiction,fiction (#23),read,,,,1,0
17333223,The Goldfinch,Donna Tartt,"Tartt, Donna",,"=""0316055433""","=""9780316055437""",4,3.96,"Little, Brown",Hardcover,771,2013,2013,,2024/12/06,fiction,fiction (#22),read,,,,1,0
12296,The Scarlet Letter,Nathaniel Hawthorne,"Hawthorne, Nathaniel","Nina Baym, Thomas E. Connolly","=""0142437263""","=""9780142437261""",5,3.44,Penguin Books,Paperback,279,2002,1850,,2024/12/06,"classics, fiction","classics (#4), fiction (#21)",read,,,,1,0
7604,Lolita,Vladimir Nabokov,"Nabokov, Vladimir",Craig Raine,"=""""","=""""",5,3.87,Penguin,Paperback,368,1995,1955,,2024/12/06,fiction,fiction (#20),read,,,,1,0
4900,Heart of Darkness,Joseph Conrad,"Conrad, Joseph",,"=""1892295490""","=""9781892295491""",0,3.43,Green Integer,Paperback,188,2003,1899,,2024/12/06,fiction,fiction (#19),read,,,,1,0
2623,Great Expectations,Charles Dickens,"Dickens, Charles","Kate Flint, Margaret Cardwell","=""0192833596""","=""9780192833594""",0,3.80,Oxford University Press,Paperback,544,1998,1861,,2024/12/06,"classics, fiction","classics (#3), fiction (#18)",read,,,,1,0
231804,The Outsiders,S.E. Hinton,"Hinton, S.E.",,"=""0670532576""","=""9780670532575""",0,4.14,Puffin Books (US/CAN),Mass Market Paperback,208,1997,1967,,2024/12/06,fiction,fiction (#17),read,,,,1,0
18135,Romeo and Juliet,William Shakespeare,"Shakespeare, William",,"=""0743477111""","=""9780743477116""",0,3.74,Washington Square Press,Mass Market Paperback,281,2002,1590,,2024/12/06,classics,classics (#2),read,,,,1,0
40389527,The Woman in the Window,A.J. Finn,"Finn, A.J.",,"=""""","=""""",3,3.94,William Morrow,Kindle Edition,455,2018,2018,2024/12/06,2020/01/20,fiction,fiction (#16),read,,,,1,0
135479,Cat’s Cradle,Kurt Vonnegut Jr.,"Jr., Kurt Vonnegut",,"=""""","=""""",0,4.15,Penguin,Paperback,306,1999,1963,,2024/12/06,fiction,fiction (#14),read,,,,1,0
1381,The Odyssey,Homer,"Homer, Homer","Robert Fagles, Bernard Knox","=""0143039954""","=""9780143039952""",0,3.83,Penguin Classics ,Paperback,541,2006,-800,,2024/12/06,"fiction, classics","fiction (#13), classics (#1)",read,,,,1,0
19406914,The Wasp Factory,Iain Banks,"Banks, Iain",,"=""1476750246""","=""9781476750248""",4,3.75,S&S/Saga Press,Kindle Edition,194,2013,1984,2024/12/06,2018/07/12,fiction,fiction (#12),read,,,,1,0
17889455,Lexical Processing and Second Language Acquisition (Cognitive Science and Second Language Acquisition Series),Natasha Tokowicz,"Tokowicz, Natasha",,"=""0415877547""","=""9780415877541""",4,4.00,Routledge,Hardcover,138,2014,2014,,2014/12/31,"non-fiction, science-general","non-fiction (#5), science-general (#2)",read,,,,1,0
2432091,Coming of Age at the End of History,Camille de Toledo,"Toledo, Camille de",,"=""159376197X""","=""9781593761974""",4,3.62,Soft Skull,Paperback,176,2008,2005,2025/01/02,2025/01/18,"non-fiction, philosophy","non-fiction (#4), philosophy (#7)",read,,,,1,0
29845449,The Weird and the Eerie,Mark Fisher,"Fisher, Mark",,"=""1910924385""","=""9781910924389""",4,4.02,Repeater Books,Paperback,134,2016,2016,,2025/03/08,non-fiction,non-fiction (#3),read,,,,1,0
105786,Freedomland,Richard Price,"Price, Richard",,"=""038533513X""","=""9780385335133""",4,3.66,Random House Publishing Group,Paperback,672,2005,1998,,2024/12/06,fiction,fiction (#11),read,,,,1,0
2429135,"The Girl With the Dragon Tattoo (Millennium, #1)",Stieg Larsson,"Larsson, Stieg",Reg Keeland,"=""0670069019""","=""9780670069019""",3,4.18,Viking Canada,Hardcover,480,2008,2005,,2024/12/06,fiction,fiction (#10),read,,,,1,0
11961793,Anti-Matter: Michel Houellebecq and Depressive Realism,Ben Jeffery,"Jeffery, Ben",,"=""184694922X""","=""9781846949227""",4,3.53,Zer0 Books,Paperback,105,2011,2011,2025/01/25,2025/01/18,"literarycriticism, philosophy","literarycriticism (#1), philosophy (#6)",read,,,,2,0
33140147,The Force,Don Winslow,"Winslow, Don",,"=""0062664425""","=""9780062664426""",4,4.12,William Morrow,Kindle Edition,634,2017,2017,2024/12/06,2017/11/10,fiction,fiction (#9),read,,,,1,0
6763725,Capitalist Realism: Is There No Alternative?,Mark Fisher,"Fisher, Mark",,"=""1846943175""","=""9781846943171""",5,4.21,Zero Books,Paperback,81,2009,2009,2025/03/08,2025/01/18,"non-fiction, philosophy","non-fiction (#2), philosophy (#5)",read,,,,1,0
428,Play It As It Lays,Joan Didion,"Didion, Joan",,"=""0374529949""","=""9780374529949""",5,3.90,"Farrar, Straus and Giroux",Paperback,231,2005,1970,,2024/12/06,fiction,fiction (#8),read,,,,1,0
424,Slouching Towards Bethlehem,Joan Didion,"Didion, Joan",,"=""""","=""""",5,4.18,Farrar Straus Giroux,Paperback,238,2008,1968,,2024/12/06,non-fiction,non-fiction (#1),read,,,,1,0
83817782,Determined: A Science of Life without Free Will,Robert M. Sapolsky,"Sapolsky, Robert M.",,"=""0525560971""","=""9780525560975""",3,4.23,Penguin Press,Hardcover,528,2023,2023,,2024/12/06,science-general,science-general (#1),read,,,,1,0
13187377,Less Than Nothing: Hegel and the Shadow of Dialectical Materialism,Slavoj Žižek,"Žižek, Slavoj",,"=""1844678970""","=""9781844678976""",4,4.17,Verso,Hardcover,1056,2012,2012,,2024/12/06,philosophy,philosophy (#4),read,,,,1,0
18925,In Defense of Lost Causes,Slavoj Žižek,"Žižek, Slavoj",,"=""1844671089""","=""9781844671083""",5,3.85,Verso,Hardcover,504,2008,2008,,2024/12/06,philosophy,philosophy (#3),read,,,,1,0
6636487,"First as Tragedy, Then as Farce",Slavoj Žižek,"Žižek, Slavoj",,"=""1844674282""","=""9781844674282""",3,3.78,Verso Books,Paperback,157,2009,2009,,2024/12/06,philosophy,philosophy (#2),read,,,,1,0
9913,Glamorama,Bret Easton Ellis,"Ellis, Bret Easton",,"=""0375703845""","=""9780375703843""",3,3.55,Vintage,Paperback,546,2000,1998,,2007/01/31,fiction,fiction (#7),read,,,,1,0
4031,Lunar Park,Bret Easton Ellis,"Ellis, Bret Easton",,"=""0375727272""","=""9780375727276""",4,3.65,Vintage,Paperback,404,2006,2005,,2007/01/31,"fiction, horror","fiction (#6), horror (#3)",read,,,,1,0
60880820,The Shards,Bret Easton Ellis,"Ellis, Bret Easton",,"=""059353560X""","=""9780593535608""",4,4.00,Alfred A. Knopf,Hardcover,608,2023,2023,2025/03/13,2025/03/08,"fiction, horror, memoir","fiction (#5), horror (#2), memoir (#1)",read,,,,1,0
9912,The Rules of Attraction,Bret Easton Ellis,"Ellis, Bret Easton",,"=""067978148X""","=""9780679781486""",4,3.72,Vintage Contemporaries,Paperback,283,1998,1987,,2007/01/31,fiction,fiction (#4),read,,,,1,0
9915,Less Than Zero,Bret Easton Ellis,"Ellis, Bret Easton",Rachel Kushner,"=""""","=""""",5,3.61,Vintage Books,Paperback,208,2010,1985,,2007/01/31,fiction,fiction (#3),read,,,,1,0
11944741,"In the Dust of This Planet (Horror of Philosophy, #1)",Eugene Thacker,"Thacker, Eugene",,"=""184694676X""","=""9781846946769""",4,3.68,Zer0 Books,Paperback,179,2011,2011,2025/07/20,2025/03/08,"philosophy, horror","philosophy (#1), horror (#1)",read,,,,1,0
218842,Being And Event,Alain Badiou,"Badiou, Alain",Oliver Feltham,"=""0826458319""","=""9780826458315""",0,4.02,Continuum International Publishing Group,Hardcover,560,2006,1988,,2025/04/12,currently-reading,currently-reading (#6),currently-reading,,,,1,0
28676,American Psycho,Bret Easton Ellis,"Ellis, Bret Easton",,"=""0679735771""","=""9780679735779""",5,3.80,Vintage Contemporaries,Paperback,399,1991,1991,,2025/03/08,fiction,fiction (#2),read,,,,1,0
421,The White Album,Joan Didion,"Didion, Joan",,"=""0374532079""","=""9780374532079""",5,4.02,FSG Adult,Paperback,224,2009,1979,,2024/12/06,,,read,,,,1,0
201752708,Haunted States: An American Gothic Guidebook,Miranda Corcoran,"Corcoran, Miranda",,"=""1914420330""","=""9781914420337""",0,3.89,Repeater,Kindle Edition,351,2024,2024,,2025/03/08,currently-reading,currently-reading (#5),currently-reading,,,,1,0
20863042,"Ghosts of My Life: Writings on Depression, Hauntology and Lost Futures",Mark Fisher,"Fisher, Mark",,"=""""","=""""",0,3.99,Zer0 Books,Paperback,232,2014,2014,,2025/03/08,to-read,to-read (#39),to-read,,,,0,0
16284967,The Notion of Authority: A Brief Presentation,Alexandre Kojève,"Kojève, Alexandre",Hager Weslati,"=""1781680957""","=""9781781680957""",0,3.74,Verso,Hardcover,224,2014,2004,,2025/03/08,to-read,to-read (#38),to-read,,,,0,0
129969780,The Sleepwalkers by Hermann Broch (1996-01-30),Hermann Broch,"Broch, Hermann",,"=""""","=""""",0,4.10,Vintage,Unknown Binding,0,,1931,,2025/03/08,to-read,to-read (#37),to-read,,,,0,0
13151121,Immunitas: The Protection and Negation of Life,Roberto Esposito,"Esposito, Roberto",,"=""0745649149""","=""9780745649146""",0,4.14,Polity,Paperback,200,2011,2002,,2025/03/08,to-read,to-read (#36),to-read,,,,0,0
2599815,Hominescence,Michel Serres,"Serres, Michel",,"=""2746500558""","=""9782746500556""",0,3.57,POMMIER,Paperback,348,2001,,,2025/03/08,to-read,to-read (#35),to-read,,,,0,0
26694,Empire,Hardt,"Hardt, Hardt",Antonio Negri,"=""0674006712""","=""9780674006713""",0,3.77,Harvard University Press,Paperback,478,2001,2000,,2025/03/08,to-read,to-read (#34),to-read,,,,0,0
9543845,The Laws of Imitation,Gabriel Tarde,"Tarde, Gabriel",,"=""0217633277""","=""9780217633277""",0,3.90,Henry Holt and Company,Hardcover,446,1903,2013,,2025/03/08,to-read,to-read (#33),to-read,,,,0,0
25362773,The Different Modes of Existence (Univocal),Étienne Souriau,"Souriau, Étienne","Erik Beranek, Tim Howles","=""193756150X""","=""9781937561505""",0,4.19,Univocal Publishing,Paperback,235,2015,2009,,2025/03/08,to-read,to-read (#32),to-read,,,,0,0
8707564,A Foray Into the Worlds of Animals and Humans: With a Theory of Meaning,Jakob Johann von Uexküll,"Uexküll, Jakob Johann von",Joseph D. O'Neil,"=""0816659001""","=""9780816659005""",0,4.08,Univ Of Minnesota Press,Paperback,248,2010,1934,,2025/03/08,to-read,to-read (#31),to-read,,,,0,0
13822636,Monadology and Sociology,Gabriel Tarde,"Tarde, Gabriel",Theo Lorenc,"=""0980819725""","=""9780980819724""",0,3.73,Re.Press,Paperback,102,2012,1893,,2025/03/08,to-read,to-read (#30),to-read,,,,0,0
174518,"The Aesthetics of Resistance, Vol. 1",Peter Weiss,"Weiss, Peter",Joachim Neugroschel,"=""0822335468""","=""9780822335467""",0,4.29,Duke University Press,Paperback,376,2005,1975,,2025/03/08,to-read,to-read (#29),to-read,,,,0,0
209457786,"Peter Brötzmann: Free-Jazz, Revolution and the Politics of Improvisation",Daniel Spicer,"Spicer, Daniel",,"=""1915672406""","=""9781915672407""",0,4.53,Repeater,Paperback,352,2025,,,2025/03/08,to-read,to-read (#28),to-read,,,,0,0
125051915,Anti-Oculus: A Philosophy of Escape,Acid Horizon,"Horizon, Acid",,"=""1915672104""","=""9781915672100""",0,3.74,Repeater,Kindle Edition,202,2023,,,2025/03/08,to-read,to-read (#27),to-read,,,,0,0
199379548,Out of the World,Peter Sloterdijk,"Sloterdijk, Peter","Corey A. Dansereau, Gill Zimmermann","=""1503639002""","=""9781503639003""",0,4.20,Stanford University Press,Paperback,246,2024,1992,,2025/03/08,to-read,to-read (#26),to-read,,,,0,0
46002,Critique of Cynical Reason,Peter Sloterdijk,"Sloterdijk, Peter","Andreas Huyssen, Michael Eldred","=""0816615861""","=""9780816615865""",0,4.23,University of Minnesota Press,Paperback,600,1988,1983,,2025/03/08,to-read,to-read (#25),to-read,,,,0,0
118317,Anti-Oedipus: Capitalism and Schizophrenia,Gilles Deleuze,"Deleuze, Gilles",Félix Guattari,"=""0816612250""","=""9780816612253""",0,4.18,University of Minnesota Press,Paperback,400,1983,1972,,2025/03/08,to-read,to-read (#24),to-read,,,,0,0
226065,The Political Unconscious,Fredric Jameson,"Jameson, Fredric",,"=""0415287510""","=""9780415287517""",0,4.05,Routledge,Paperback,310,2002,1981,,2025/03/08,to-read,to-read (#23),to-read,,,,0,0
204011,Postmodernism or the Cultural Logic of Late Capitalism,Fredric Jameson,"Jameson, Fredric",,"=""0822310902""","=""9780822310907""",0,4.00,Duke University Press,Paperback,438,1992,1991,,2025/03/08,to-read,to-read (#22),to-read,,,,0,0
228234,The Treason of the Intellectuals,Julien Benda,"Benda, Julien","Richard Aldington, Roger Kimball","=""1412806232""","=""9781412806237""",0,3.81,Routledge,Paperback,276,2006,1927,,2025/03/08,to-read,to-read (#21),to-read,,,,0,0
123263848,Praiseworthy,Alexis Wright,"Wright, Alexis",,"=""1922725323""","=""9781922725325""",0,3.79,Giramondo Publishing Co,Paperback,736,2023,2023,,2025/03/08,to-read,to-read (#20),to-read,,,,0,0
183033,A Brief History of Neoliberalism,David Harvey,"Harvey, David",,"=""0199283273""","=""9780199283279""",0,4.13,Oxford University Press,Paperback,247,2007,2005,,2025/03/08,to-read,to-read (#19),to-read,,,,0,0
212161853,"Solidarity Cities: Confronting Racial Capitalism, Mapping Transformation (Diverse Economies and Livable Worlds)",Maliha Safri,"Safri, Maliha","Marianna Pavlovskaya, Stephen Healy, Craig Borowiak","=""1517916011""","=""9781517916015""",0,4.43,Univ Of Minnesota Press,Hardcover,296,2025,,,2025/03/08,to-read,to-read (#18),to-read,,,,0,0
118316,A Thousand Plateaus: Capitalism and Schizophrenia,Gilles Deleuze,"Deleuze, Gilles","Félix Guattari, Brian Massumi","=""0816614024""","=""9780816614028""",0,4.33,University of Minnesota Press,Paperback,632,1987,1980,,2025/03/08,to-read,to-read (#17),to-read,,,,0,0
36963931,An Anthropology of Nothing in Particular,Martin Demant Frederiksen,"Frederiksen, Martin Demant",,"=""1785356992""","=""9781785356995""",0,3.67,Zer0 Books,Paperback,136,2018,,,2025/03/08,to-read,to-read (#16),to-read,,,,0,0
10821772,Parallel Stories,Péter Nádas,"Nádas, Péter",Imre Goldstein,"=""0374229767""","=""9780374229764""",5,3.80,"Farrar, Straus and Giroux",Hardcover,1133,2011,2005,,2014/06/17,currently-reading,currently-reading (#4),currently-reading,,,,2,0
17416644,An Inquiry into Modes of Existence: An Anthropology of the Moderns,Bruno Latour,"Latour, Bruno",Catherine Porter,"=""0674724992""","=""9780674724990""",0,3.90,Harvard University Press,Hardcover,520,2013,2012,,2024/12/06,currently-reading,currently-reading (#3),currently-reading,,,,1,0
79917,Crowds and Power,Elias Canetti,"Canetti, Elias",Carol Stewart,"=""0374518203""","=""9780374518202""",0,4.07,"Farrar, Straus and Giroux ",Paperback,495,1984,1960,,2024/12/06,currently-reading,currently-reading (#2),currently-reading,,,,1,0
4934,The Brothers Karamazov,Fyodor Dostoevsky,"Dostoevsky, Fyodor","Richard Pevear, Larissa Volokhonsky","=""0374528373""","=""9780374528379""",0,4.39,"Farrar, Straus and Giroux",Paperback,796,2002,1880,,2024/12/06,to-read,to-read (#15),to-read,,,,0,0
485894,The Metamorphosis,Franz Kafka,"Kafka, Franz",Stanley Corngold,"=""0553213695""","=""9780553213690""",0,3.90,Bantam Classics,Mass Market Paperback,201,1972,1915,,2024/12/06,,,read,,,,1,0
4671,The Great Gatsby,F. Scott Fitzgerald,"Fitzgerald, F. Scott",,"=""0743273567""","=""9780743273565""",0,3.93,Scribner,Paperback,180,1925,1925,,2024/12/06,,,read,,,,1,0
12521,Visions of Gerard,Jack Kerouac,"Kerouac, Jack",,"=""0140144528""","=""9780140144529""",0,3.74,Penguin Publishing Group,Paperback,130,1991,1963,,2024/12/06,,,read,,,,1,0
10461,Desolation Angels,Jack Kerouac,"Kerouac, Jack",Joyce Johnson,"=""1573225053""","=""9781573225052""",0,3.93,Riverhead Books,Paperback,409,1995,1958,,2024/12/06,,,read,,,,1,0
330760,The Subterraneans,Jack Kerouac,"Kerouac, Jack",,"=""0802131867""","=""9780802131867""",0,3.65,Grove Weidenfeld,Paperback,128,1994,1958,,2024/12/06,,,read,,,,1,0
50140,Big Sur,Jack Kerouac,"Kerouac, Jack",Aram Saroyan,"=""0140168125""","=""9780140168129""",0,3.84,Penguin Books,Paperback,256,1992,1962,,2024/12/06,,,read,,,,1,0
412732,The Dharma Bums,Jack Kerouac,"Kerouac, Jack",,"=""""","=""""",0,3.93,Penguin Books,Paperback,244,1986,1958,,2024/12/06,,,read,,,,1,0
70401,On the Road,Jack Kerouac,"Kerouac, Jack",,"=""0140042598""","=""9780140042597""",5,3.61,Penguin Books,Paperback,307,1976,1957,,2024/12/06,,,read,,,,1,0
58314,The Elementary Particles,Michel Houellebecq,"Houellebecq, Michel",Frank Wynne,"=""0375727019""","=""9780375727016""",5,3.80,Vintage,Paperback,272,2001,1998,,2024/12/06,,,read,,,,1,0
88514,Platform,Michel Houellebecq,"Houellebecq, Michel",Frank Wynne,"=""1400030269""","=""9781400030262""",3,3.81,Vintage,Paperback,259,2004,2001,,2024/12/06,,,read,,,,1,0
1178230,Nazi Literature in the Americas,Roberto Bolaño,"Bolaño, Roberto",Chris    Andrews,"=""0811217051""","=""9780811217057""",0,3.91,New Directions,Hardcover,227,2008,1996,,2024/12/06,,,read,,,,1,0
63030,Distant Star,Roberto Bolaño,"Bolaño, Roberto",Chris    Andrews,"=""0811215865""","=""9780811215862""",0,3.92,New Directions,Paperback,150,2004,1996,,2024/12/06,,,read,,,,1,0
537640,Last Evenings on Earth,Roberto Bolaño,"Bolaño, Roberto",Chris    Andrews,"=""0811216888""","=""9780811216883""",5,4.11,New Directions,Paperback,219,2007,1997,,2024/12/06,,,read,,,,1,0
23933,"The Letters, Vol. 1: 1945-1959",William S. Burroughs,"Burroughs, William S.",Oliver  Harris,"=""0140094520""","=""9780140094527""",0,4.18,Penguin Publishing Group,Paperback,472,1994,1993,,2024/12/06,,,read,,,,1,0
23938,Word Virus: The William S. Burroughs Reader,William S. Burroughs,"Burroughs, William S.","James Grauerholz, Ira Silverberg","=""080213694X""","=""9780802136947""",0,4.16,Grove Press,Paperback,576,2000,1998,,2024/12/06,,,read,,,,1,0
63885,The Yage Letters,William S. Burroughs,"Burroughs, William S.",Allen Ginsberg,"=""0872860043""","=""9780872860049""",0,3.65,City Lights Books (San Francisco),Paperback,66,2001,1963,,2024/12/06,,,read,,,,1,0
23942,Queer,William S. Burroughs,"Burroughs, William S.",,"=""0330300164""","=""9780330300162""",0,3.49,Picador,Paperback,160,1987,1985,,2024/12/06,,,read,,,,1,0
23940,Junky,William S. Burroughs,"Burroughs, William S.","Oliver  Harris, Allen Ginsberg","=""0142003166""","=""9780142003169""",0,3.84,Penguin ,Paperback,166,2003,1953,,2024/12/06,,,read,,,,1,0
7437,Naked Lunch: The Restored Text,William S. Burroughs,"Burroughs, William S.","James Grauerholz, Barry Miles","=""0802140181""","=""9780802140180""",5,3.46,Grove Press,Paperback,289,2004,1959,,2024/12/06,,,read,,,,1,0
518150,Battle-Pieces and Aspects of the War: Civil War Poems,Herman Melville,"Melville, Herman","Helen Vendler, James M. McPherson","=""1573928933""","=""9781573928939""",3,3.62,Prometheus,Paperback,356,2001,1866,,2024/12/06,,,read,,,,1,0
1708839,I And My Chimney,Herman Melville,"Melville, Herman",,"=""1419125141""","=""9781419125140""",5,3.19,Kessinger Publishing,Paperback,28,2004,1856,,2024/12/06,,,read,,,,1,0
3731,Great Short Works of Herman Melville,Herman Melville,"Melville, Herman",,"=""0060586540""","=""9780060586546""",0,4.05,Harper Perennial Modern Classics,Paperback,512,2004,1969,,2024/12/06,,,read,,,,1,0
12036,The Confidence-Man,Herman Melville,"Melville, Herman","John Dugdale, Tony Tanner","=""0192837621""","=""9780192837622""",5,3.62,Oxford University Press,Paperback,361,1999,1857,,2024/12/06,,,read,,,,1,0
125870,Billy Budd and Other Stories,Herman Melville,"Melville, Herman",Frederick Busch,"=""0140390537""","=""9780140390537""",5,3.56,Penguin Books,Paperback,416,1986,1782,,2024/12/06,,,read,,,,1,0
597320,Typee: A Peep at Polynesian Life,Herman Melville,"Melville, Herman",John Bryant,"=""0140434887""","=""9780140434880""",3,3.57,Penguin Classics,Paperback,368,1996,1846,,2024/12/06,,,read,,,,1,0
178629,Benito Cereno (Bedford College Editions),Herman Melville,"Melville, Herman",Wyn Kelley,"=""031245242X""","=""9780312452421""",5,3.53,Bedford/St. Martin's,Paperback,160,2006,1855,,2024/12/06,,,read,,,,1,0
15613,"Billy Budd, Sailor (Enriched Classics)",Herman Melville,"Melville, Herman",,"=""1416523723""","=""9781416523727""",5,3.19,Pocket Books,Mass Market Paperback,166,2006,1924,,2024/12/06,,,read,,,,1,0
114230,Bartleby the Scrivener,Herman Melville,"Melville, Herman",,"=""0974607800""","=""9780974607801""",5,3.93,Melville House,Paperback,64,2004,1853,,2024/12/06,,,read,,,,1,0
153747,"Moby-Dick or, The Whale",Herman Melville,"Melville, Herman","Andrew Delbanco, Tom Quirk","=""0142437247""","=""9780142437247""",5,3.57,Penguin Classics ,Paperback,720,2003,1851,,2024/12/06,,,read,,,,1,0
7815,The Year of Magical Thinking,Joan Didion,"Didion, Joan",,"=""1400078431""","=""9781400078431""",5,3.93,Vintage,Paperback,227,2007,2005,,2024/12/06,,,read,,,,1,0
12468,The Executioner's Song,Norman Mailer,"Mailer, Norman",,"=""0375700811""","=""9780375700811""",5,4.05,Vintage,Paperback,1056,1998,1979,,2024/12/06,,,read,,,,1,0
31170723,Behave: The Biology of Humans at Our Best and Worst,Robert M. Sapolsky,"Sapolsky, Robert M.",,"=""1594205078""","=""9781594205071""",5,4.38,Penguin Press,Hardcover,790,2017,2017,,2024/12/06,,,read,,,,1,0
230733,Straw Dogs: Thoughts on Humans and Other Animals,John   Gray,"Gray, John",,"=""1862075964""","=""9781862075962""",4,3.93,Granta Books,Paperback,246,2003,2002,,2024/12/06,,,read,,,,1,0
123471,I Am a Strange Loop,Douglas R. Hofstadter,"Hofstadter, Douglas R.",,"=""0465030785""","=""9780465030781""",4,3.95,Basic Books,Hardcover,436,2007,2007,,2024/12/06,,,read,,,,1,0
24113,"Gödel, Escher, Bach: An Eternal Golden Braid",Douglas R. Hofstadter,"Hofstadter, Douglas R.",,"=""0465026567""","=""9780465026562""",5,4.29,Basic Books,Paperback,777,1999,1979,,2024/12/06,,,read,,,,1,0
355190,Orientalism,Edward W. Said,"Said, Edward W.",,"=""""","=""""",5,4.13,Vintage,Paperback,424,2003,1978,,2024/12/06,,,read,,,,1,0
52374,Against Interpretation and Other Essays,Susan Sontag,"Sontag, Susan",,"=""0312280866""","=""9780312280864""",5,4.14,Picador,Paperback,336,2001,1966,,2024/12/06,,,read,,,,1,0
3641003,What Should We Do with Our Brain? (Que faire de notre cerveau?),Catherine Malabou,"Malabou, Catherine","Sebastian Rand, Marc Jeannerod","=""082322953X""","=""9780823229536""",5,3.91,Fordham University Press,Paperback,120,2008,2004,,2024/12/06,,,read,,,,1,0
29901417,Foams: Spheres Volume III: Plural Spherology,Peter Sloterdijk,"Sloterdijk, Peter",Wieland Hoban,"=""158435187X""","=""9781584351870""",5,4.32,Semiotext(e),Hardcover,912,2016,,2024/09/05,2024/12/06,,,read,,,,2,0
22089678,Globes: Spheres Volume II: Macrospherology,Peter Sloterdijk,"Sloterdijk, Peter",Wieland Hoban,"=""1584351608""","=""9781584351603""",5,4.40,Semiotext(e),Hardcover,1024,2014,1999,2024/06/05,2024/12/06,,,read,,,,2,0
11336254,Bubbles: Spheres I,Peter Sloterdijk,"Sloterdijk, Peter",Wieland Hoban,"=""1584351047""","=""9781584351047""",5,4.29,Semiotext(e),Hardcover,664,2011,1998,2024/04/05,2024/12/06,,,read,,,,2,0
45682,Thirteen Stories and Thirteen Epitaphs,William T. Vollmann,"Vollmann, William T.",,"=""0802133959""","=""9780802133953""",5,3.86,Grove Press,Paperback,318,1994,1991,,2024/12/06,,,read,,,,1,0
45683,Butterfly Stories,William T. Vollmann,"Vollmann, William T.",,"=""0802134009""","=""9780802134004""",4,3.71,Grove Press,Paperback,281,1994,1993,,2024/12/06,,,read,,,,1,0
45639,Poor People,William T. Vollmann,"Vollmann, William T.",,"=""0060878827""","=""9780060878825""",4,3.80,Ecco,Hardcover,434,2007,2007,,2024/12/06,,,read,,,,1,0
45681,The Rainbow Stories,William T. Vollmann,"Vollmann, William T.",,"=""0140171541""","=""9780140171549""",5,3.98,Penguin Publishing Group,Paperback,542,1992,1989,,2024/12/06,,,read,,,,1,0
18190732,The Recognitions,William Gaddis,"Gaddis, William",,"=""156478696X""","=""9781564786968""",5,4.21,Dalkey Archive Press,Kindle Edition,1035,2012,1955,2024/12/06,2014/12/01,,,read,,,,1,0
28434,J R,William Gaddis,"Gaddis, William","John David Smith, Frederick R. Karl","=""0140187073""","=""9780140187076""",5,4.32,Penguin Books,Paperback,752,1993,1975,2024/10/09,2014/12/30,,,read,,,,2,0
254501,Consciousness: An Introduction,Susan Blackmore,"Blackmore, Susan",,"=""019515343X""","=""9780195153439""",3,3.88,Oxford University Press,Paperback,480,2003,2003,,2014/12/31,,,read,,,,1,0
641841,Struwwelpeter,Heinrich Hoffmann,"Hoffmann, Heinrich",,"=""0486284697""","=""9780486284699""",5,3.80,Dover Publications,Paperback,32,1995,1845,,2014/12/31,,,read,,,,1,0
19429985,I Can See In The Dark: A Gripping Nordic Noir Crime Thriller About Guilt and Being Accused of the Wrong Crime,Karin Fossum,"Fossum, Karin",,"=""0544114361""","=""9780544114364""",0,3.41,HarperVia,Kindle Edition,258,2014,2011,2018/08/11,2018/05/15,,,read,,,,1,0
8206709,"Bind, Torture, Kill: The Inside Story of the Serial Killer Next Door",Roy Wenzl,"Wenzl, Roy","Tim Potter, Hurst Laviana, L. Kelly","=""""","=""""",4,4.05,HarperCollins e-books,Kindle Edition,356,2009,2007,2019/06/02,2019/02/19,,,read,,,,1,0
20071806,Audition: A Novel,Ryū Murakami,"Murakami, Ryū",Ralph McCarthy,"=""""","=""""",5,3.53,W. W. Norton & Company,Kindle Edition,193,2010,1997,2018/08/11,2018/03/13,,,read,,,,1,0
35714058,I'll Be Gone in the Dark: One Woman's Obsessive Search for the Golden State Killer,Michelle McNamara,"McNamara, Michelle",Gillian Flynn,"=""""","=""""",4,4.11,Harper,Kindle Edition,340,2018,2018,2018/08/11,2018/04/08,,,read,,,,1,0
18877989,People Who Eat Darkness: The True Story of a Young Woman Who Vanished from the Streets of Tokyo—and the Evil That Swallowed Her Up,Richard Lloyd Parry,"Parry, Richard Lloyd",,"=""1466820020""","=""9781466820029""",4,3.79,FSG Originals,Kindle Edition,465,2012,2010,2018/08/11,2018/06/02,,,read,,,,1,0
24720036,Slade House,David  Mitchell,"Mitchell, David",,"=""""","=""""",5,3.81,Random House,ebook,241,2015,2015,2016/11/03,2016/11/03,,,read,,,,1,0
24399756,Ghettoside: A True Story of Murder in America,Jill Leovy,"Leovy, Jill",,"=""""","=""""",5,4.07,Spiegel & Grau,ebook,386,2015,2015,2016/09/06,2016/06/22,,,read,,,,1,0
8257329,The Power of the Dog,Don Winslow,"Winslow, Don",,"=""""","=""""",5,4.37,,Kindle Edition,542,,2005,2015/12/28,2015/10/09,,,read,,,,1,0
22816666,Last Winter We Parted,Fuminori Nakamura,"Nakamura, Fuminori",Allison Markin Powell,"=""1616954566""","=""9781616954567""",4,3.40,Soho Crime,Kindle Edition,225,2014,2013,2015/10/09,2015/09/15,,,read,,,,1,0
17406032,Evil and the Mask,Fuminori Nakamura,"Nakamura, Fuminori",,"=""""","=""""",3,3.58,Soho Press,Kindle Edition,369,2013,2010,2015/09/14,2015/08/20,,,read,,,,1,0
24739992,The Cartel (Power of the Dog #2),Don Winslow,"Winslow, Don",,"=""""","=""""",4,4.36,Vintage Crime/Black Lizard,ebook,812,2015,2015,2015/08/20,2015/07/27,,,read,,,,1,0
20155961,Villain: A Novel,Shūichi Yoshida,"Yoshida, Shūichi",Philip Gabriel,"=""""","=""""",4,3.56,Vintage Crime/Black Lizard,Kindle Edition,306,2010,2007,2015/07/27,2015/06/22,,,read,,,,1,0
13416222,The Thief,Fuminori Nakamura,"Nakamura, Fuminori",,"=""""","=""""",4,3.52,Soho Crime ,ebook,304,2012,2009,2015/06/22,2015/05/23,,,read,,,,1,0
6646562,"Blindsighted (Grant County, #1)",Karin Slaughter,"Slaughter, Karin",,"=""""","=""""",3,4.10,HarperCollins,Kindle Edition,400,2009,2001,2015/05/11,2015/03/12,,,read,,,,1,0
190576,Remembrance of Things Past: Volume I - Swann's Way & Within a Budding Grove,Marcel Proust,"Proust, Marcel","C.K. Scott Moncrieff, Terence Kilmartin","=""0394711823""","=""9780394711829""",5,4.28,Vintage,Paperback,1056,1982,1913,,2014/12/31,,,read,,,,1,0
6461017,"Die Trying (Jack Reacher, #2)",Lee Child,"Child, Lee",,"=""""","=""""",4,4.08,Jove,ebook,577,2006,1998,2015/02/19,2015/02/10,,,read,,,,1,0
6422125,"Killing Floor (Jack Reacher, #1)",Lee Child,"Child, Lee",,"=""""","=""""",4,4.08,Jove,Kindle Edition,561,2007,1997,2015/02/10,2015/02/01,,,read,,,,1,0
15939503,Neuroscience,Dale Purves,"Purves, Dale",,"=""0878936467""","=""9780878936465""",4,4.14,Sinauer Associates,Unbound,759,2011,1996,,2014/12/31,,,read,,,,1,0
22310690,Dr. Mütter's Marvels: A True Tale of Intrigue and Innovation at the Dawn of Modern Medicine,Cristin O'Keefe Aptowicz,"Aptowicz, Cristin O'Keefe",,"=""0698162102""","=""9780698162105""",3,4.01,Penguin Publishing Group,Kindle Edition,384,2014,2014,2015/01/07,2014/12/28,,,read,,,,1,0
565637,The New Unconscious (Social Cognition and Social Neuroscience),Ran R. Hassin,"Hassin, Ran R.","James S. Uleman, John A. Bargh","=""0195307690""","=""9780195307696""",3,3.78,"Oxford University Press, USA",Paperback,606,2006,2004,,2014/12/31,,,read,,,,1,0
5933841,Inherent Vice,Thomas Pynchon,"Pynchon, Thomas",,"=""1594202249""","=""9781594202247""",0,3.80,Penguin Press,Hardcover,369,2009,2009,,2014/12/31,to-read,to-read (#14),to-read,,,,0,0
5563503,Imperial (Photographs),William T. Vollmann,"Vollmann, William T.",,"=""1576874893""","=""9781576874899""",4,4.19,powerHouse Books,Hardcover,224,2009,,,2014/12/31,,,read,,,,1,0
9443405,The Pale King,David Foster Wallace,"Wallace, David Foster",,"=""0316074233""","=""9780316074230""",0,3.97,"Little, Brown & Company",Hardcover,548,2011,2011,,2014/12/31,to-read,to-read (#13),to-read,,,,0,0
946155,Understanding by Design,Grant P. Wiggins,"Wiggins, Grant P.",Jay McTighe,"=""1416600353""","=""9781416600350""",4,3.94,Assn. for Supervision & Curriculum Development,Paperback,370,2005,1998,,2014/12/31,,,read,,,,1,0
11998014,The Varieties of Religious Experience: A Study in Human Nature,William  James,"James, William",,"=""1463518935""","=""9781463518936""",4,4.00,CreateSpace,Paperback,420,2011,1902,,2014/12/31,,,read,,,,1,0
9521239,An Idiot Abroad: The Travel Diaries of Karl Pilkington,Karl Pilkington,"Pilkington, Karl","Ricky Gervais, Stephen Merchant","=""""","=""""",5,3.85,,Kindle Edition,296,,2010,,2014/12/31,,,read,,,,1,0
3420471,The Easy Chain,Evan Dara,"Dara, Evan",,"=""0980226600""","=""9780980226607""",0,4.30,"Aurora, Incorporated",Paperback,474,2008,2008,,2014/12/31,to-read,to-read (#12),to-read,,,,0,0
17406532,"Doctor Sleep (The Shining, #2)",Stephen  King,"King, Stephen",,"=""""","=""""",2,4.13,Scribner,ebook,658,2013,2013,,2014/12/31,,,read,,,,1,0
13093011,The Blooding,Joseph Wambaugh,"Wambaugh, Joseph",,"=""1453239073""","=""9781453239070""",4,3.98,MysteriousPress.com/Open Road,Kindle Edition,428,2011,1989,,2014/12/31,,,read,,,,1,0
22363240,"A Cold and Broken Hallelujah (Long Beach Homicide, #3)",Tyler Dilts,"Dilts, Tyler",,"=""1477874496""","=""9781477874493""",4,3.76,Thomas & Mercer,Kindle Edition,298,2014,2014,,2014/12/31,,,read,,,,1,0
21981632,Do Zombies Dream of Undead Sheep?: A Neuroscientific View of the Zombie Brain,Timothy Verstynen,"Verstynen, Timothy",Bradley Voytek,"=""0691157286""","=""9780691157283""",5,4.08,Princeton University Press,Hardcover,272,2014,2014,,2014/12/31,,,read,,,,1,0
31947,Philosophy and the Mirror of Nature,Richard Rorty,"Rorty, Richard",,"=""0691020167""","=""9780691020167""",5,4.03,Princeton University Press,Paperback,417,1981,1979,,2014/12/31,,,read,,,,1,0
41231,The Culture of Fear: Why Americans Are Afraid of the Wrong Things,Barry Glassner,"Glassner, Barry",,"=""0465014909""","=""9780465014903""",5,3.70,Basic Books,Paperback,210,2000,1999,,2014/12/31,,,read,,,,1,0
66322,Creativity: Flow and the Psychology of Discovery and Invention,Mihály Csíkszentmihályi,"Csíkszentmihályi, Mihály",,"=""0060928204""","=""9780060928209""",4,4.06,Harper Perennial,Paperback,372,1997,1996,,2014/12/31,,,read,,,,1,0
103867,"Descartes' Error: Emotion, Reason and the Human Brain",António Damásio,"Damásio, António",,"=""014303622X""","=""9780143036227""",4,3.95,Penguin Books Ltd,Paperback,336,2005,1994,,2014/12/31,,,read,,,,1,0
681941,The Moral Animal: Why We Are the Way We Are - The New Science of Evolutionary Psychology,Robert Wright,"Wright, Robert",,"=""0679763996""","=""9780679763994""",3,4.08,Vintage,Paperback,496,1995,1994,,2014/12/31,,,read,,,,1,0
12073,Philosophical Investigations,Ludwig Wittgenstein,"Wittgenstein, Ludwig",G.E.M. Anscombe,"=""0631231277""","=""9780631231271""",0,4.26,"Blackwell Publishing, Inc.",Hardcover,246,2001,1953,,2014/12/31,to-read,to-read (#11),to-read,,,,0,0
31555,Phantoms in the Brain: Probing the Mysteries of the Human Mind,V.S. Ramachandran,"Ramachandran, V.S.","Sandra Blakeslee, Oliver Sacks","=""0688172172""","=""9780688172176""",4,4.27,William Morrow Paperbacks,Paperback,352,1999,1998,,2014/12/31,,,read,,,,1,0
765227,The Pleasure of the Text,Roland Barthes,"Barthes, Roland",Richard Miller,"=""0374521603""","=""9780374521608""",4,4.00,Hill and Wang,Paperback,67,1975,1973,,2014/12/31,,,read,,,,1,0
155396,The Meaning of Everything: The Story of the Oxford English Dictionary,Simon Winchester,"Winchester, Simon",,"=""019517500X""","=""9780195175004""",4,3.99,Oxford University Press,Paperback,288,2004,2003,,2014/12/31,,,read,,,,1,0
22613,Simulacra and Simulation,Jean Baudrillard,"Baudrillard, Jean",Sheila Faria Glaser,"=""0472065211""","=""9780472065219""",4,4.00,University of Michigan Press,Paperback,164,1994,1981,,2014/12/31,,,read,,,,1,0
90078,An Essay Concerning Human Understanding,John Locke,"Locke, John",,"=""1406790273""","=""9781406790276""",5,3.86,Read Books,Paperback,355,2007,1690,,2014/12/31,,,read,,,,1,0
287585,Course in General Linguistics,Ferdinand de Saussure,"Saussure, Ferdinand de",Roy Harris,"=""0812690230""","=""9780812690231""",4,3.96,Open Court,Paperback,236,1998,1916,,2014/12/31,,,read,,,,1,0
18373,Flowers for Algernon,Daniel Keyes,"Keyes, Daniel",,"=""015603008X""","=""9780156030083""",4,4.24,Harvest Books,Paperback,311,2004,1966,,2014/12/31,,,read,,,,1,0
21996,The Devil in the White City,Erik Larson,"Larson, Erik",Tony Goldwyn,"=""0739303406""","=""9780739303405""",4,4.00,Random House Audio Publishing Group,Paperback,496,2003,2003,,2014/12/31,,,read,,,,1,0
52036,Siddhartha,Hermann Hesse,"Hesse, Hermann","Hilda Rosner, Zigmantas Ardickas","=""""","=""""",4,4.08,Bantam Books,Mass Market Paperback,152,1981,1922,,2014/12/31,,,read,,,,1,0
83533,The Age of Spiritual Machines,Ray Kurzweil,"Kurzweil, Ray",,"=""0140282025""","=""9780140282023""",2,3.89,Penguin ,Trade Paperback,388,2000,1998,,2014/12/31,,,read,,,,1,0
13557108,Consciousness: Confessions of a Romantic Reductionist,Christof Koch,"Koch, Christof",,"=""0262017490""","=""9780262017497""",0,4.09,The MIT Press,Hardcover,184,2012,2012,,2014/12/31,to-read,to-read (#10),to-read,,,,0,0
373969,The Stuff of Thought: Language as a Window into Human Nature,Steven Pinker,"Pinker, Steven",,"=""0670063274""","=""9780670063277""",3,3.91,Viking Penguin,Hardcover,499,2007,2007,,2014/12/31,,,read,,,,1,0
9454,Phenomenology of Spirit,Georg Wilhelm Friedrich Hegel,"Hegel, Georg Wilhelm Friedrich","J.N. Findlay, A.V. Miller","=""0198245971""","=""9780198245971""",5,3.97,Oxford University Press,Paperback,640,1976,1807,,2014/12/31,,,read,,,,1,0
2074,Kinds of Minds: Toward an Understanding of Consciousness,Daniel C. Dennett,"Dennett, Daniel C.",,"=""0465073514""","=""9780465073511""",4,3.82,Basic Books,Paperback,184,1997,1996,,2014/12/31,,,read,,,,1,0
2652751,Kluge: The Haphazard Construction of the Human Mind,Gary F. Marcus,"Marcus, Gary F.",,"=""0618879641""","=""9780618879649""",4,3.83,Houghton Mifflin Harcourt,Hardcover,211,2008,2008,,2014/12/31,,,read,,,,1,0
80035,"Nature Via Nurture: Genes, Experience and What Makes Us Human",Matt Ridley,"Ridley, Matt",,"=""1841157465""","=""9781841157467""",3,4.06,Harper Perennial,Paperback,320,2004,2003,,2014/12/31,,,read,,,,1,0
170011,Neuroscience: Exploring the Brain,Mark F. Bear,"Bear, Mark F.","Barry W. Connors, Michael A. Paradiso","=""0781760038""","=""9780781760034""",4,4.28,Lippincott Williams and Wilkins,Hardcover,857,2006,1995,,2014/12/31,,,read,,,,1,0
40024,"The Alienist (Dr. Laszlo Kreizler, #1)",Caleb Carr,"Carr, Caleb",,"=""0812976142""","=""9780812976144""",4,4.06,Random House,Paperback,498,2006,1994,,2014/12/31,,,read,,,,1,0
18254,Oliver Twist,Charles Dickens,"Dickens, Charles",Philip Horne,"=""""","=""""",5,3.88,Penguin Books,Paperback,608,2003,1838,,2014/12/31,,,read,,,,1,0
3228917,Outliers: The Story of Success,Malcolm Gladwell,"Gladwell, Malcolm",,"=""0316017922""","=""9780316017923""",2,4.19,"Little, Brown and Company",Hardcover,309,2008,2008,,2014/12/31,,,read,,,,1,0
40102,Blink: The Power of Thinking Without Thinking,Malcolm Gladwell,"Gladwell, Malcolm","Barry Fox, Irina Henegar","=""0316010669""","=""9780316010665""",2,3.96,Back Bay Books,Paperback,296,2007,2005,,2014/12/31,,,read,,,,1,0
2612,The Tipping Point: How Little Things Can Make a Big Difference,Malcolm Gladwell,"Gladwell, Malcolm",,"=""""","=""""",2,4.01,Time Warner Book Group,Paperback,301,2002,2000,,2014/12/31,,,read,,,,1,0
21480930,Gone Girl,Gillian Flynn,"Flynn, Gillian",,"=""0553418351""","=""9780553418354""",4,4.15,Broadway Books,Mass Market Paperback,560,2014,2012,,2014/12/31,,,read,,,,1,0
722367,Falconer,John Cheever,"Cheever, John",,"=""0679737863""","=""9780679737865""",0,3.64,Knopf Doubleday Publishing Group,Paperback,211,1992,1977,,2014/12/31,to-read,to-read (#9),to-read,,,,0,0
24840,Chimera,John Barth,"Barth, John",,"=""0618131701""","=""9780618131709""",0,3.71,Mariner Books,Paperback,308,2001,1972,,2014/12/31,to-read,to-read (#8),to-read,,,,0,0
587678,The Cannibal,John Hawkes,"Hawkes, John",,"=""0811200639""","=""9780811200639""",0,3.82,New Directions,Paperback,195,1962,1949,,2014/12/31,to-read,to-read (#7),to-read,,,,0,0
28456,Carpenter's Gothic,William Gaddis,"Gaddis, William",,"=""184354167X""","=""9781843541677""",0,3.85,Atlantic Books,Paperback,262,2010,1985,,2014/12/31,to-read,to-read (#6),to-read,,,,0,0
51506,Wittgenstein’s Mistress,David Markson,"Markson, David",David Foster Wallace,"=""1564782115""","=""9781564782113""",0,3.92,Dalkey Archive Press,Paperback,279,2012,1988,,2014/12/31,to-read,to-read (#5),to-read,,,,0,0
3755250,The Kindly Ones,Jonathan Littell,"Littell, Jonathan",Charlotte Mandell,"=""0061353450""","=""9780061353451""",4,4.03,Harper,Hardcover,984,2009,2006,,2014/12/31,,,read,,,,1,0
11654,Sabbath's Theater,Philip Roth,"Roth, Philip",,"=""0679772596""","=""9780679772590""",4,3.89,Vintage,Paperback,451,1996,1995,,2014/12/31,,,read,,,,1,0
152653,In the Heart of the Heart of the Country and Other Stories,William H. Gass,"Gass, William H.",,"=""0879233745""","=""9780879233747""",5,3.97,"David R. Godine, Publisher",Paperback,240,2006,1968,,2014/12/31,,,read,,,,1,0
21413662,What If?: Serious Scientific Answers to Absurd Hypothetical Questions,Randall Munroe,"Munroe, Randall",,"=""0544272994""","=""9780544272996""",5,4.14,Dey Street Books,Hardcover,303,2014,2014,,2014/12/31,,,read,,,,1,0
19288239,Colorless Tsukuru Tazaki and His Years of Pilgrimage,Haruki Murakami,"Murakami, Haruki",Philip Gabriel,"=""0385352107""","=""9780385352109""",0,3.87,Alfred A. Knopf,Hardcover,386,2014,2013,,2014/12/31,to-read,to-read (#4),to-read,,,,0,0
20819685,The Bone Clocks,David  Mitchell,"Mitchell, David",,"=""1400065674""","=""9781400065677""",0,3.85,Random House,Hardcover,624,2014,2014,,2014/12/31,to-read,to-read (#3),to-read,,,,0,0
8380409,The Instructions,Adam Levin,"Levin, Adam",,"=""1934781827""","=""9781934781821""",0,4.08,McSweeney's,Hardcover,1030,2010,2010,,2014/12/30,to-read,to-read (#2),to-read,,,,0,0
605684,War & War,László Krasznahorkai,"Krasznahorkai, László",George Szirtes,"=""0811216098""","=""9780811216098""",0,4.10,New Directions,Paperback,288,2006,1999,,2014/12/30,to-read,to-read (#1),to-read,,,,0,0
17717,Labyrinths: Selected Stories & Other Writings,Jorge Luis Borges,"Borges, Jorge Luis","André Maurois, James E. Irby, Donald A. Yates","=""0811200124""","=""9780811200127""",5,4.44,New Directions,Paperback,260,1964,1962,,2014/12/30,,,read,,,,1,0
33449,The 22 Immutable Laws of Marketing: Violate Them at Your Own Risk,Al Ries,"Ries, Al",Jack Trout,"=""0887306667""","=""9780887306662""",3,4.05,HarperBusiness,Paperback,143,1994,1993,,2014/12/30,,,read,,,,1,0
416,Slow Learner: Early Stories,Thomas Pynchon,"Pynchon, Thomas",,"=""0316724432""","=""9780316724432""",4,3.53,Back Bay Books,Paperback,193,1985,1984,,2007/01/31,,,read,,,,1,0
156182,The Tunnel,William H. Gass,"Gass, William H.",,"=""1564782131""","=""9781564782137""",5,4.06,Dalkey Archive Press,Paperback,652,1999,1995,,2014/06/17,currently-reading,currently-reading (#1),currently-reading,,,,1,0
13041910,The Killer Inside Me,Jim Thompson,"Thompson, Jim",Stephen  King,"=""""","=""""",5,3.87,Mulholland Books,Kindle Edition,224,2011,1952,2014/12/21,2014/12/19,,,read,,,,1,0
6460221,Sharp Objects,Gillian Flynn,"Flynn, Gillian",,"=""""","=""""",3,4.01,Broadway Books,Kindle Edition,394,2006,2006,2014/12/19,2014/12/15,,,read,,,,1,0
21422732,Broken Monsters,Lauren Beukes,"Beukes, Lauren",,"=""0316216836""","=""9780316216838""",4,3.59,Mulholland Books,Kindle Edition,448,2014,2014,2014/12/14,2014/12/01,,,read,,,,1,0
45680,The Atlas,William T. Vollmann,"Vollmann, William T.",,"=""0140254498""","=""9780140254495""",3,3.89,Penguin Publishing Group,Paperback,496,1997,1996,,2007/01/31,,,read,,,,1,0
409,Against the Day,Thomas Pynchon,"Pynchon, Thomas",,"=""159420120X""","=""9781594201202""",5,4.05,Penguin Press,Hardcover,1085,2006,2006,,2007/01/31,fiction,fiction,read,,,,1,0
20824675,A Natural History of Human Thinking,Michael Tomasello,"Tomasello, Michael",,"=""0674727576""","=""9780674727571""",4,3.98,Harvard University Press,Kindle Edition,193,2014,2014,2014/12/01,2014/08/07,,,read,,,,1,0
11700464,Defending Jacob,William Landay,"Landay, William",,"=""""","=""""",3,4.00,Delacorte Press,ebook,421,2012,2012,2014/10/05,2014/10/05,,,read,,,,1,0
19997463,"Nemesis (Harry Hole, #4)",Jo Nesbø,"Nesbø, Jo",Don Bartlett,"=""""","=""""",4,3.98,HarperCollins e-books,ebook,482,2009,2002,2014/09/27,2014/09/27,,,read,,,,1,0
13054604,The Secret History,Donna Tartt,"Tartt, Donna",,"=""""","=""""",3,4.15,Vintage,ebook,578,2011,1992,2014/09/07,2014/08/29,,,read,,,,1,0
19807378,The Son,Jo Nesbø,"Nesbø, Jo",,"=""0385351380""","=""9780385351386""",4,4.08,Knopf Doubleday Publishing Group,Kindle Edition,658,2014,2014,2014/08/20,2014/08/14,,,read,,,,1,0
465226,"The Redbreast (Harry Hole, #3)",Jo Nesbø,"Nesbø, Jo",,"=""184343217X""","=""9781843432173""",4,3.95,Harvill Secker,Paperback,519,2006,2000,2014/08/13,2014/06/17,,,read,,,,1,0
20701513,Consciousness and the Brain: Deciphering How the Brain Codes Our Thoughts,Stanislas Dehaene,"Dehaene, Stanislas",,"=""0698151402""","=""9780698151406""",4,4.17,Penguin Books,Kindle Edition,334,2014,2014,2014/07/24,2014/06/17,,,read,,,,1,0
10847,Under the Banner of Heaven: A Story of Violent Faith,Jon Krakauer,"Krakauer, Jon",,"=""0330419129""","=""9780330419123""",4,4.01,Pan MacMillan,Paperback,432,2004,2003,,2014/06/17,,,read,,,,1,0
7624,Lord of the Flies,William Golding,"Golding, William",,"=""0140283331""","=""9780140283334""",4,3.70,Penguin Books ,Paperback,182,1999,1954,,2014/06/17,,,read,,,,1,0
28815,Influence: The Psychology of Persuasion,Robert B. Cialdini,"Cialdini, Robert B.",,"=""006124189X""","=""9780061241895""",4,4.21,Harper Business,Paperback,320,2006,1984,,2014/06/17,,,read,,,,1,0
320,One Hundred Years of Solitude,Gabriel García Márquez,"Márquez, Gabriel García",Gregory Rabassa,"=""""","=""""",5,4.12,Harper,Mass Market Paperback,417,2003,1967,,2014/06/17,,,read,,,,1,0
2895036,Mirroring People: The New Science of How We Connect with Others,Marco Iacoboni,"Iacoboni, Marco",,"=""0374210179""","=""9780374210175""",3,3.79,"Farrar, Straus and Giroux",Hardcover,320,2008,2008,,2014/06/17,,,read,,,,1,0
125777,The Feeling of What Happens: Body and Emotion in the Making of Consciousness,António Damásio,"Damásio, António",,"=""0156010755""","=""9780156010757""",4,4.01,Harcourt,Paperback,386,2000,1999,,2014/06/17,,,read,,,,1,0
371182,A Universe of Consciousness: How Matter Becomes Imagination,Gerald M. Edelman,"Edelman, Gerald M.",Giulio Tononi,"=""0465013775""","=""9780465013777""",4,4.02,Basic Books,Paperback,288,2001,2000,,2014/06/17,,,read,,,,1,0
2081,The Mind’s I: Fantasies and Reflections on Self and Soul,Douglas R. Hofstadter,"Hofstadter, Douglas R.",Daniel C. Dennett,"=""0553345842""","=""9780553345841""",4,4.15,Bantam Books,Paperback,512,1985,1981,,2014/06/17,,,read,,,,1,0
3290105,Human: The Science Behind What Makes Us Unique,Michael S. Gazzaniga,"Gazzaniga, Michael S.",,"=""0060892889""","=""9780060892883""",3,4.04,Ecco,Hardcover,464,2008,2008,,2014/06/17,,,read,,,,1,0
4075,In Search of Memory: The Emergence of a New Science of Mind,Eric R. Kandel,"Kandel, Eric R.",,"=""""","=""""",4,4.14,W. W. Norton & Company,Hardcover,430,2006,2006,,2014/06/17,,,read,,,,1,0
31856,Philosophy in the Flesh: The Embodied Mind and its Challenge to Western Thought,George Lakoff,"Lakoff, George",Mark Johnson,"=""0465056741""","=""9780465056743""",3,4.08,Basic Books,Paperback,640,1999,1998,,2014/06/17,,,read,,,,1,0
181239,Metamagical Themas: Questing for the Essence of Mind and Pattern,Douglas R. Hofstadter,"Hofstadter, Douglas R.",,"=""0465045669""","=""9780465045662""",4,4.20,Basic Books,Paperback,852,1985,1985,,2014/06/17,,,read,,,,1,0
22478,The Origin of Consciousness in the Breakdown of the Bicameral Mind,Julian Jaynes,"Jaynes, Julian",,"=""0618057072""","=""9780618057078""",3,4.26,Mariner Books,Paperback,491,2000,1976,,2014/06/17,,,read,,,,1,0
151132,Synaptic Self: How Our Brains Become Who We Are,Joseph E. LeDoux,"LeDoux, Joseph E.",,"=""0142001783""","=""9780142001783""",4,4.00,Penguin Books,Paperback,416,2003,2002,,2014/06/17,,,read,,,,1,0
166433,Empires of the Word: A Language History of the World,Nicholas Ostler,"Ostler, Nicholas",,"=""0060935723""","=""9780060935726""",3,4.07,Harper Perennial,Paperback,615,2006,2005,,2014/06/17,,,read,,,,1,0
357298,Matter and Consciousness: A Contemporary Introduction to the Philosophy of Mind,Paul M. Churchland,"Churchland, Paul M.",,"=""0262530740""","=""9780262530743""",3,3.89,MIT Press (MA),Paperback,196,1988,1984,,2014/06/17,,,read,,,,1,0
786153,Religion Explained: The Evolutionary Origins of Religious Thought,Pascal Boyer,"Boyer, Pascal",,"=""0465006965""","=""9780465006960""",3,3.98,Basic Books,Paperback,375,2002,2001,,2014/06/17,,,read,,,,1,0
82301,Mask Market  (Burke #16),Andrew Vachss,"Vachss, Andrew",,"=""0375424229""","=""9780375424229""",3,3.81,Pantheon,Hardcover,256,2006,2006,,2014/06/17,,,read,,,,1,0
355576,"Dead and Gone (Burke, #12)",Andrew Vachss,"Vachss, Andrew",,"=""0375725261""","=""9780375725265""",4,4.04,Vintage Crime/Black Lizard,Paperback,352,2001,2000,,2014/06/17,,,read,,,,1,0
333619,"Hard Candy (Burke, #4)",Andrew Vachss,"Vachss, Andrew",,"=""0679761691""","=""9780679761693""",4,4.08,Vintage Crime/Black Lizard,Paperback,242,1995,1989,,2014/06/17,,,read,,,,1,0
355569,"Blue Belle (Burke, #3)",Andrew Vachss,"Vachss, Andrew",,"=""0679761683""","=""9780679761686""",3,4.09,Vintage Crime/Black Lizard,Paperback,340,1995,1988,,2014/06/17,,,read,,,,1,0
82300,"Strega (Burke, #2)",Andrew Vachss,"Vachss, Andrew",,"=""0679764097""","=""9780679764090""",4,4.03,Vintage Crime/Black Lizard,Paperback,293,1996,1987,,2014/06/17,,,read,,,,1,0
402,Mao II,Don DeLillo,"DeLillo, Don",,"=""0140152741""","=""9780140152746""",4,3.69,Penguin Books,Paperback,241,1992,1991,,2014/06/17,,,read,,,,1,0
50275,Last Exit to Brooklyn,Hubert Selby Jr.,"Jr., Hubert Selby",Gilbert Sorrentino,"=""0747549923""","=""9780747549925""",5,3.93,Marion Boyars,Paperback,290,2000,1964,,2014/06/17,,,read,,,,1,0
86147,"Bright Lights, Big City",Jay McInerney,"McInerney, Jay",,"=""""","=""""",4,3.81,Vintage,Paperback,208,1984,1984,,2014/06/17,,,read,,,,1,0
12885,Lost in the Funhouse,John Barth,"Barth, John",,"=""0385240872""","=""9780385240871""",4,3.68,Anchor,Paperback,205,1988,1968,,2014/06/17,,,read,,,,1,0
70791,To Build a Fire and Other Stories,Jack London,"London, Jack",,"=""0812565169""","=""9780812565164""",4,4.07,Tor Classics,Mass Market Paperback,480,1999,1908,,2014/06/17,,,read,,,,1,0
415,Gravity’s Rainbow,Thomas Pynchon,"Pynchon, Thomas",,"=""0143039946""","=""9780143039945""",5,4.01,Penguin Books,Paperback,776,2006,1973,,2014/06/17,,,read,,,,1,0
11761,Underworld,Don DeLillo,"DeLillo, Don",,"=""0330369954""","=""9780330369954""",5,3.95,Picador,Paperback,827,1999,1997,,2014/06/17,,,read,,,,1,0
3115359,2666,Roberto Bolaño,"Bolaño, Roberto",Natasha Wimmer,"=""0374100144""","=""9780374100148""",4,4.22,"Farrar, Straus and Giroux",Hardcover,898,2008,2004,2012/12/29,2008/12/12,,,read,,,,1,0
17675119,Neurocomic: A Comic About the Brain,Matteo Farinella,"Farinella, Matteo",Hana Ros,"=""1907704701""","=""9781907704703""",5,3.59,Nobrow,Hardcover,144,2014,2013,,2014/06/17,,,read,,,,1,0
7505023,Handbook of Bilingualism: Psycholinguistic Approaches,Judith Kroll,"Kroll, Judith",Annette M.B. DeGroot,"=""0195373650""","=""9780195373653""",4,4.00,Oxford University Press,Paperback,608,2009,2009,,2014/06/17,,,read,,,,1,0
98685,Genius: The Life and Science of Richard Feynman,James Gleick,"Gleick, James",,"=""0679747044""","=""9780679747048""",4,4.12,Vintage,Paperback,531,1993,,,2014/06/17,,,read,,,,1,0
7592729,Cognitive Psychology and its Implications,John R. Anderson,"Anderson, John R.",,"=""1429219483""","=""9781429219488""",3,3.81,Worth Publishers,Hardcover,469,2009,1980,,2014/06/17,,,read,,,,1,0
564202,Introduction to the Event-related Potential Technique (COGNITIVE NEUROSCIENCE),Steven J. Luck,"Luck, Steven J.",,"=""0262621967""","=""9780262621960""",4,4.49,MIT Press,Paperback,374,2005,,,2014/06/17,,,read,,,,1,0
10260,The Pleasure of Finding Things Out: The Best Short Works of Richard P. Feynman,Richard P. Feynman,"Feynman, Richard P.","Jeffrey Robbins, Freeman Dyson","=""""","=""""",5,4.23,Basic Books,Paperback,270,2005,1999,,2014/06/17,,,read,,,,1,0
266540,"The Algebraic Mind: Integrating Connectionism and Cognitive Science (Learning, Development, and Conceptual Change)",Gary F. Marcus,"Marcus, Gary F.",,"=""0262632683""","=""9780262632683""",4,3.50,Bradford Books,Paperback,242,2003,2001,,2014/06/17,,,read,,,,1,0
7195258,The Psychology and Pedagogy of Reading,Edmund Burke Huey,"Huey, Edmund Burke",,"=""0872076962""","=""9780872076969""",5,3.11,Intl Literacy Assn,Paperback,336,2009,1968,,2014/06/17,,,read,,,,1,0
13536314,The Map and the Territory (Vintage International),Michel Houellebecq,"Houellebecq, Michel",Gavin Bowd,"=""0307946533""","=""9780307946539""",4,3.95,Vintage,Paperback,288,2012,2010,,2014/06/17,,,read,,,,1,0
13212225,A Naked Singularity,Sergio de la Pava,"Pava, Sergio de la",,"=""0226141799""","=""9780226141794""",4,4.13,University of Chicago Press,Paperback,678,2012,2008,,2014/06/17,,,read,,,,1,0
45794,Clockers,Richard Price,"Price, Richard",,"=""0747562733""","=""9780747562733""",4,4.10,Bloomsbury Pub Ltd,Paperback,608,2003,1992,,2014/06/17,,,read,,,,1,0
6643543,A Naked Singularity,Sergio de la Pava,"Pava, Sergio de la",,"=""1436341981""","=""9781436341981""",4,4.13,Xlibris Corp,Paperback,689,2008,2008,,2014/06/17,,,read,,,,1,0
126584,Mind Hunter: Inside the FBI's Elite Serial Crime Unit,John E. Douglas,"Douglas, John E.",Mark Olshaker,"=""0671528904""","=""9780671528904""",3,4.09,Pocket Books,Mass Market Paperback,397,1996,1995,,2014/06/17,,,read,,,,1,0
10451331,The Killer of Little Shepherds: A True Crime Story and the Birth of Forensic Science,Douglas Starr,"Starr, Douglas",,"=""0307279081""","=""9780307279088""",3,3.87,Knopf Doubleday Publishing Group,Paperback,336,2011,2010,,2014/06/17,,,read,,,,1,0
18956,Homicide: A Year on the Killing Streets,David Simon,"Simon, David",,"=""0805080759""","=""9780805080759""",5,4.36,Picador,Paperback,646,2006,1991,,2014/06/17,,,read,,,,1,0
19033,The Nutshell Studies of Unexplained Death,Corinne May Botz,"Botz, Corinne May",,"=""1580931456""","=""9781580931458""",4,4.17,The Monacelli Press,Hardcover,225,2004,2004,,2014/06/17,,,read,,,,1,0
5241335,"Darkness, Take My Hand (Kenzie & Gennaro #2)",Dennis Lehane,"Lehane, Dennis",,"=""""","=""""",4,4.18,William Morrow,ebook,400,2009,1996,,2014/06/17,,,read,,,,1,0
8684949,"A Drink Before the War (Kenzie & Gennaro, #1)",Dennis Lehane,"Lehane, Dennis",,"=""""","=""""",4,3.93,HarperCollins Publishers,Kindle Edition,302,2010,1994,,2014/06/17,,,read,,,,1,0
13261812,Gone Girl,Gillian Flynn,"Flynn, Gillian",,"=""""","=""""",3,4.15,Crown,ebook,476,2012,2012,,2014/06/17,,,read,,,,1,0
8684481,Galveston,Nic Pizzolatto,"Pizzolatto, Nic",,"=""1439166676""","=""9781439166673""",3,3.75,Scribner,Kindle Edition,276,2010,2010,,2014/06/17,,,read,,,,1,0
771408,The Physics of Baseball,Robert K. Adair,"Adair, Robert K.",,"=""0060084367""","=""9780060084363""",4,3.72,Harper Perennial,Paperback,169,2002,1990,,2014/06/17,,,read,,,,1,0
403445,Once For All Time,Betty Neels,"Neels, Betty",,"=""0373026668""","=""9780373026661""",4,4.21,Harlequin,Paperback,188,1984,1984,,2008/12/12,,,read,,,,1,0
2956,"The Adventures of Huckleberry Finn (Adventures of Tom and Huck, #2)",Mark Twain,"Twain, Mark","Guy Cardwell, E.W. Kemble, John Seelye, Walter Trier, Tom Wilson, William Little Hughes","=""0142437174""","=""9780142437179""",4,3.83,Penguin Classics,Paperback,327,2002,1885,,2008/12/12,fiction,fiction (#1),read,,,,1,0
45776,Feynman's Rainbow: A Search for Beauty in Physics and in Life,Leonard Mlodinow,"Mlodinow, Leonard",,"=""0446692514""","=""9780446692519""",4,4.04,Grand Central Publishing,Paperback,192,2004,2005,,2007/01/31,,,read,,,,1,0
6759,Infinite Jest,David Foster Wallace,"Wallace, David Foster",,"=""""","=""""",5,4.25,Back Bay Books,Paperback,1088,2005,1996,,2007/01/31,,,read,,,,1,0
6750,The Broom of the System,David Foster Wallace,"Wallace, David Foster",,"=""0142002429""","=""9780142002421""",3,3.85,Penguin Books,Paperback,467,2004,1987,,2007/01/31,,,read,,,,1,0
6753,Brief Interviews with Hideous Men,David Foster Wallace,"Wallace, David Foster",,"=""034911188X""","=""9780349111889""",3,3.83,Abacus,Paperback,273,2000,1999,,2007/01/31,,,read,,,,1,0
6751,Consider the Lobster and Other Essays,David Foster Wallace,"Wallace, David Foster",,"=""0316156116""","=""9780316156110""",4,4.19,"Little, Brown and Company",Hardcover,343,2005,2005,,2007/01/31,,,read,,,,1,0
6749,Oblivion,David Foster Wallace,"Wallace, David Foster",,"=""0316010766""","=""9780316010764""",4,4.07,Back Bay Books,Paperback,329,2005,2004,,2007/01/31,,,read,,,,1,0
6748,A Supposedly Fun Thing I'll Never Do Again:  Essays and Arguments,David Foster Wallace,"Wallace, David Foster",,"=""0316925284""","=""9780316925280""",5,4.13,Back Bay Books,Paperback,353,1998,1997,,2007/01/31,,,read,,,,1,0
414,Vineland,Thomas Pynchon,"Pynchon, Thomas",,"=""0141180633""","=""9780141180632""",0,3.76,Penguin Books,Paperback,385,1997,1990,,2007/01/31,"fiction, to-read","fiction, to-read",to-read,,,,0,0
45633,You Bright and Risen Angels (Contemporary American Fiction),William T. Vollmann,"Vollmann, William T.",,"=""0140110879""","=""9780140110876""",4,4.05,Penguin Books,Paperback,635,1988,1987,,2007/01/31,,,read,,,,1,0
45631,Expelled from Eden: A William T. Vollmann Reader,William T. Vollmann,"Vollmann, William T.","Larry McCaffery, Michael Hemmingson","=""1560254416""","=""9781560254416""",5,4.07,Grand Central Publishing,Paperback,479,2004,2004,,2007/01/31,,,read,,,,1,0
